"Q1. Across locations, how many apples were purchased in cash?",,,,,,,,,,,,,,,,,
,,,,,,,,,,,,,,,,,
,Ans.    It can be found in many ways ,,,,,,,,,,,,,,,,
,1.  Applying filter on product_name as apple,,,,,,ANS=  117,,,,,,,,,,
," 2.  Using SUMIFS formula,",,,,,,,,,,,,,,,,
,3.  Using Pivot tale,,,,,,,,,,,,,,,,
,,,,,,,,,,,,,,,,,
,,,,,,,,,,,,,,,,,
Q2. How much total cash was spent on these apples?,,,,,,,,,,,,,,,,,
,,,,,,,,,,,,,,,,,
,,,,,,,,,,,,,,,,,
,Ans = 537.03,,,,,,,,,Row Labels,Sum of quantity,Sum of total_amount,,Row Labels,Sum of total_amount,,
,,,,,,,,,,ale,682,1629.98,,Alexmouth,14975.91,,
"Q3. Across all payment methods, how much money was spent at the Bakershire store",,,,,,,,,,cash,162,387.18,,corporate,2603.55,,
,,,,,,,,,,contactless,197,470.83,,gold,2489.65,,
ocation by non-member customers?,,,,,,,,,,credit card,157,375.23,,member,2538.17,,
,,,,,,,,,,debit card,166,396.74,,non-member,2698.83,,
,ANS = ,2857.51,,,,,,,,almond cake,482,1301.4,,premium,2380.62,,
,,,,,,,,,,cash,152,410.4,,staff,2265.09,,
,,,,,,,,,,contactless,121,326.7,,Andersonland,14985.11,,
,,,,,,,,,,credit card,109,294.3,,corporate,2425.6,,
,,,,,,,,,,debit card,100,270,,gold,2184.53,,
,,,,,,,,,,almonds,556,2112.8,,member,2834.42,,
,,,,,,,,,,cash,143,543.4,,non-member,2826.86,,
,,,,,,,,,,contactless,132,501.6,,premium,2595.63,,
,,,,,,,,,,credit card,118,448.4,,staff,2118.07,,
,,,,,,,,,,debit card,163,619.4,,Andreburgh,16283.12,,
,,,,,,,,,,anchovy,663,994.5,,corporate,2414.34,,
,,,,,,,,,,cash,166,249,,gold,2975.34,,
,,,,,,,,,,contactless,192,288,,member,3189.23,,
,,,,,,,,,,credit card,170,255,,non-member,2617.05,,
,,,,,,,,,,debit card,135,202.5,,premium,2575.39,,
,,,,,,,,,,animal fat,601,1556.59,,staff,2511.77,,
,,,,,,,,,,cash,135,349.65,,Anthonymouth,14681.84,,
,,,,,,,,,,contactless,130,336.7,,corporate,2602.97,,
,,,,,,,,,,credit card,162,419.58,,gold,2198.1,,
,,,,,,,,,,debit card,174,450.66,,member,2043.94,,
,,,,,,,,,,apple,447,2051.73,,non-member,2687.58,,
,,,,,,,,,,cash,117,537.03,,premium,2705.17,,
,,,,,,,,,,contactless,104,477.36,,staff,2444.08,,
,,,,,,,,,,credit card,138,633.42,,Anthonyton,16360.13,,
,,,,,,,,,,debit card,88,403.92,,corporate,2968.18,,
,,,,,,,,,,apple juice,532,1058.68,,gold,2748.92,,
,,,,,,,,,,cash,168,334.32,,member,2723.32,,
,,,,,,,,,,contactless,111,220.89,,non-member,2401.47,,
,,,,,,,,,,credit card,130,258.7,,premium,2814.82,,
,,,,,,,,,,debit card,123,244.77,,staff,2703.42,,
,,,,,,,,,,apple pie,430,1543.7,,Aprilside,15709.84,,
,,,,,,,,,,cash,120,430.8,,corporate,2806.91,,
,,,,,,,,,,contactless,129,463.11,,gold,2275.97,,
,,,,,,,,,,credit card,97,348.23,,member,3058.82,,
,,,,,,,,,,debit card,84,301.56,,non-member,2364.72,,
,,,,,,,,,,apple sauce,605,2050.95,,premium,2567.51,,
,,,,,,,,,,cash,190,644.1,,staff,2635.91,,
,,,,,,,,,,contactless,139,471.21,,Bakershire,15838.02,,
,,,,,,,,,,credit card,110,372.9,,corporate,2772.85,,
,,,,,,,,,,debit card,166,562.74,,gold,2388.92,,
,,,,,,,,,,apple tart,476,2375.24,,member,2696.72,,
,,,,,,,,,,cash,123,613.77,,non-member,2857.51,,
,,,,,,,,,,contactless,83,414.17,,premium,2604.98,,
,,,,,,,,,,credit card,135,673.65,,staff,2517.04,,
,,,,,,,,,,debit card,135,673.65,,Charlesbury,15517.36,,
,,,,,,,,,,apricot,485,528.65,,corporate,2250.31,,
,,,,,,,,,,cash,128,139.52,,gold,2380.64,,
,,,,,,,,,,contactless,135,147.15,,member,2618.72,,
,,,,,,,,,,credit card,116,126.44,,non-member,3109.15,,
,,,,,,,,,,debit card,106,115.54,,premium,2573.84,,
,,,,,,,,,,apricot pits,452,678,,staff,2584.7,,
,,,,,,,,,,cash,107,160.5,,Christopherfurt,14882.85,,
,,,,,,,,,,contactless,116,174,,corporate,2546.56,,
,,,,,,,,,,credit card,132,198,,gold,2171.4,,
,,,,,,,,,,debit card,97,145.5,,member,2492.44,,
,,,,,,,,,,artichoke,679,129.01,,non-member,2559.7,,
,,,,,,,,,,cash,196,37.24,,premium,2476.26,,
,,,,,,,,,,contactless,161,30.59,,staff,2636.49,,
,,,,,,,,,,credit card,196,37.24,,Christopherhaven,15243.88,,
,,,,,,,,,,debit card,126,23.94,,corporate,2290.81,,
,,,,,,,,,,asparagus,683,881.07,,gold,2767.22,,
,,,,,,,,,,cash,180,232.2,,member,2791.66,,
,,,,,,,,,,contactless,171,220.59,,non-member,2418.04,,
,,,,,,,,,,credit card,181,233.49,,premium,2373.87,,
,,,,,,,,,,debit card,151,194.79,,staff,2602.28,,
,,,,,,,,,,aubergine,601,1316.19,,East Ann,14506.37,,
,,,,,,,,,,cash,145,317.55,,corporate,2306.42,,
,,,,,,,,,,contactless,188,411.72,,gold,2407.76,,
,,,,,,,,,,credit card,158,346.02,,member,2095.58,,
,,,,,,,,,,debit card,110,240.9,,non-member,2835.49,,
,,,,,,,,,,avocado,546,1195.74,,premium,2373.02,,
,,,,,,,,,,cash,202,442.38,,staff,2488.1,,
,,,,,,,,,,contactless,85,186.15,,East Candiceton,15318.75,,
,,,,,,,,,,credit card,103,225.57,,corporate,2614.88,,
,,,,,,,,,,debit card,156,341.64,,gold,2754.44,,
,,,,,,,,,,bacon,562,1343.18,,member,2713.22,,
,,,,,,,,,,cash,111,265.29,,non-member,2930.94,,
,,,,,,,,,,contactless,147,351.33,,premium,2322.34,,
,,,,,,,,,,credit card,173,413.47,,staff,1982.93,,
,,,,,,,,,,debit card,131,313.09,,East Jeremytown,16170.16,,
,,,,,,,,,,bagel,681,674.19,,corporate,2902.93,,
,,,,,,,,,,cash,190,188.1,,gold,2709.76,,
,,,,,,,,,,contactless,150,148.5,,member,2501.31,,
,,,,,,,,,,credit card,161,159.39,,non-member,2950,,
,,,,,,,,,,debit card,180,178.2,,premium,2338.63,,
,,,,,,,,,,baked goods / bakery goods,585,871.65,,staff,2767.53,,
,,,,,,,,,,cash,133,198.17,,East Sara,15591.14,,
,,,,,,,,,,contactless,107,159.43,,corporate,2255.46,,
,,,,,,,,,,credit card,185,275.65,,gold,2694.89,,
,,,,,,,,,,debit card,160,238.4,,member,2827.79,,
,,,,,,,,,,banana,485,1644.15,,non-member,2576.46,,
,,,,,,,,,,cash,146,494.94,,premium,2761.24,,
,,,,,,,,,,contactless,115,389.85,,staff,2475.3,,
,,,,,,,,,,credit card,105,355.95,,East Suzanneside,15303.91,,
,,,,,,,,,,debit card,119,403.41,,corporate,2436.35,,
,,,,,,,,,,barbecue sauce,480,1531.2,,gold,2515.34,,
,,,,,,,,,,cash,136,433.84,,member,2665.77,,
,,,,,,,,,,contactless,101,322.19,,non-member,2591.48,,
,,,,,,,,,,credit card,119,379.61,,premium,2371.54,,
,,,,,,,,,,debit card,124,395.56,,staff,2723.43,,
,,,,,,,,,,barley,624,2739.36,,Erichaven,15061.98,,
,,,,,,,,,,cash,197,864.83,,corporate,2393.35,,
,,,,,,,,,,contactless,113,496.07,,gold,2056.1,,
,,,,,,,,,,credit card,195,856.05,,member,2307.87,,
,,,,,,,,,,debit card,119,522.41,,non-member,3128.48,,
,,,,,,,,,,basil,886,1536.08,,premium,2731.87,,
,,,,,,,,,,cash,281,446.99,,staff,2444.31,,
,,,,,,,,,,contactless,194,357.63,,Irwinport,14022.84,,
,,,,,,,,,,credit card,168,263.14,,corporate,2143.49,,
,,,,,,,,,,debit card,243,468.32,,gold,2987.35,,
,,,,,,,,,,bass,523,779.27,,member,1896.11,,
,,,,,,,,,,cash,129,192.21,,non-member,2879.65,,
,,,,,,,,,,contactless,151,224.99,,premium,2505.65,,
,,,,,,,,,,credit card,113,168.37,,staff,1610.59,,
,,,,,,,,,,debit card,130,193.7,,Jaredside,15101.2,,
,,,,,,,,,,batter,581,1103.9,,corporate,2481.96,,
,,,,,,,,,,cash,149,283.1,,gold,2108.34,,
,,,,,,,,,,contactless,161,305.9,,member,2568.98,,
,,,,,,,,,,credit card,120,228,,non-member,2631.07,,
,,,,,,,,,,debit card,151,286.9,,premium,2457.34,,
,,,,,,,,,,bay leaf,651,1035.09,,staff,2853.51,,
,,,,,,,,,,cash,156,248.04,,Jessicafort,14317.16,,
,,,,,,,,,,contactless,143,227.37,,corporate,2629.73,,
,,,,,,,,,,credit card,146,232.14,,gold,1878.23,,
,,,,,,,,,,debit card,206,327.54,,member,2665.06,,
,,,,,,,,,,beef,438,258.42,,non-member,2273.4,,
,,,,,,,,,,cash,123,72.57,,premium,2256.3,,
,,,,,,,,,,contactless,115,67.85,,staff,2614.44,,
,,,,,,,,,,credit card,84,49.56,,Jordanmouth,15208.01,,
,,,,,,,,,,debit card,116,68.44,,corporate,2676.96,,
,,,,,,,,,,beefsteak,435,2170.65,,gold,2749.54,,
,,,,,,,,,,cash,126,628.74,,member,2543.27,,
,,,,,,,,,,contactless,129,643.71,,non-member,2276.18,,
,,,,,,,,,,credit card,137,683.63,,premium,2505.97,,
,,,,,,,,,,debit card,43,214.57,,staff,2456.09,,
,,,,,,,,,,beer,661,1784.7,,Julieview,14533.47,,
,,,,,,,,,,cash,169,456.3,,corporate,2295.45,,
,,,,,,,,,,contactless,132,356.4,,gold,2657.63,,
,,,,,,,,,,credit card,195,526.5,,member,2459.04,,
,,,,,,,,,,debit card,165,445.5,,non-member,2552.46,,
,,,,,,,,,,beet (beetroot),457,1000.83,,premium,2191.93,,
,,,,,,,,,,cash,150,328.5,,staff,2376.96,,
,,,,,,,,,,contactless,96,210.24,,Justinstad,15248.55,,
,,,,,,,,,,credit card,88,192.72,,corporate,2629.03,,
,,,,,,,,,,debit card,123,269.37,,gold,2158.01,,
,,,,,,,,,,berries,574,1119.3,,member,2579.61,,
,,,,,,,,,,cash,121,235.95,,non-member,2507.98,,
,,,,,,,,,,contactless,125,243.75,,premium,2301.25,,
,,,,,,,,,,credit card,183,356.85,,staff,3072.67,,
,,,,,,,,,,debit card,145,282.75,,Lake Bryan,16701.24,,
,,,,,,,,,,berry,555,1215.45,,corporate,2956.68,,
,,,,,,,,,,cash,141,308.79,,gold,2989.63,,
,,,,,,,,,,contactless,112,245.28,,member,2376.08,,
,,,,,,,,,,credit card,137,300.03,,non-member,2752.51,,
,,,,,,,,,,debit card,165,361.35,,premium,2737.32,,
,,,,,,,,,,bilberry,495,445.5,,staff,2889.02,,
,,,,,,,,,,cash,91,81.9,,Martinezfurt,15639.92,,
,,,,,,,,,,contactless,190,171,,corporate,2630.46,,
,,,,,,,,,,credit card,128,115.2,,gold,2298,,
,,,,,,,,,,debit card,86,77.4,,member,2975.27,,
,,,,,,,,,,birthday cake,521,1661.99,,non-member,2676.36,,
,,,,,,,,,,cash,104,331.76,,premium,2563.98,,
,,,,,,,,,,contactless,122,389.18,,staff,2495.85,,
,,,,,,,,,,credit card,128,408.32,,Meganton,15292.91,,
,,,,,,,,,,debit card,167,532.73,,corporate,2732.25,,
,,,,,,,,,,biscuit,1058,3117.3,,gold,2316.8,,
,,,,,,,,,,cash,256,800.04,,member,2549.12,,
,,,,,,,,,,contactless,347,989.07,,non-member,2608.32,,
,,,,,,,,,,credit card,212,630.15,,premium,2519.09,,
,,,,,,,,,,debit card,243,698.04,,staff,2567.33,,
,,,,,,,,,,black beans,443,1546.07,,Michelemouth,14953.92,,
,,,,,,,,,,cash,116,404.84,,corporate,2458.19,,
,,,,,,,,,,contactless,105,366.45,,gold,2512.46,,
,,,,,,,,,,credit card,92,321.08,,member,2661.31,,
,,,,,,,,,,debit card,130,453.7,,non-member,2552.11,,
,,,,,,,,,,black coffee,630,2891.7,,premium,2593.45,,
,,,,,,,,,,cash,182,835.38,,staff,2176.4,,
,,,,,,,,,,contactless,194,890.46,,New Eric,16731.34,,
,,,,,,,,,,credit card,111,509.49,,corporate,3032.39,,
,,,,,,,,,,debit card,143,656.37,,gold,2720.77,,
,,,,,,,,,,black currants,673,1002.77,,member,2695.69,,
,,,,,,,,,,cash,149,222.01,,non-member,2934.48,,
,,,,,,,,,,contactless,170,253.3,,premium,2445.27,,
,,,,,,,,,,credit card,136,202.64,,staff,2902.74,,
,,,,,,,,,,debit card,218,324.82,,New Glenn,15166.42,,
,,,,,,,,,,black tea,485,1595.65,,corporate,2734.97,,
,,,,,,,,,,cash,101,332.29,,gold,2748.54,,
,,,,,,,,,,contactless,155,509.95,,member,2561.62,,
,,,,,,,,,,credit card,127,417.83,,non-member,2525.18,,
,,,,,,,,,,debit card,102,335.58,,premium,2391.22,,
,,,,,,,,,,blackberry,593,1126.7,,staff,2204.89,,
,,,,,,,,,,cash,114,216.6,,New Lisa,15521.67,,
,,,,,,,,,,contactless,94,178.6,,corporate,2585.28,,
,,,,,,,,,,credit card,213,404.7,,gold,2860.71,,
,,,,,,,,,,debit card,172,326.8,,member,2390.56,,
,,,,,,,,,,blue cheese,508,1498.6,,non-member,2364.77,,
,,,,,,,,,,cash,93,274.35,,premium,2934.25,,
,,,,,,,,,,contactless,142,418.9,,staff,2386.1,,
,,,,,,,,,,credit card,168,495.6,,New Richard,14804.62,,
,,,,,,,,,,debit card,105,309.75,,corporate,2483.68,,
,,,,,,,,,,blueberry,446,1824.14,,gold,2474.49,,
,,,,,,,,,,cash,86,351.74,,member,2356.49,,
,,,,,,,,,,contactless,144,588.96,,non-member,2384.26,,
,,,,,,,,,,credit card,136,556.24,,premium,2798.22,,
,,,,,,,,,,debit card,80,327.2,,staff,2307.48,,
,,,,,,,,,,blueberry muffin,474,2322.6,,North Charles,15599.44,,
,,,,,,,,,,cash,97,475.3,,corporate,2187.02,,
,,,,,,,,,,contactless,144,705.6,,gold,2765.26,,
,,,,,,,,,,credit card,120,588,,member,2946.5,,
,,,,,,,,,,debit card,113,553.7,,non-member,2547.82,,
,,,,,,,,,,blueberry pie,458,320.6,,premium,2812.55,,
,,,,,,,,,,cash,84,58.8,,staff,2340.29,,
,,,,,,,,,,contactless,93,65.1,,North Joyfort,14429.08,,
,,,,,,,,,,credit card,89,62.3,,corporate,2490.14,,
,,,,,,,,,,debit card,192,134.4,,gold,2376.44,,
,,,,,,,,,,blue-cheese dressing,651,2597.49,,member,1904.8,,
,,,,,,,,,,cash,152,606.48,,non-member,2557.82,,
,,,,,,,,,,contactless,191,762.09,,premium,2584.28,,
,,,,,,,,,,credit card,186,742.14,,staff,2515.6,,
,,,,,,,,,,debit card,122,486.78,,North Sarah,15504.16,,
,,,,,,,,,,Bologna,560,980,,corporate,2347.36,,
,,,,,,,,,,cash,132,231,,gold,2579.9,,
,,,,,,,,,,contactless,136,238,,member,2332.14,,
,,,,,,,,,,credit card,123,215.25,,non-member,2632.23,,
,,,,,,,,,,debit card,169,295.75,,premium,2786.82,,
,,,,,,,,,,bonbons,517,2326.5,,staff,2825.71,,
,,,,,,,,,,cash,108,486,,Port Angela,16376.91,,
,,,,,,,,,,contactless,114,513,,corporate,2811.37,,
,,,,,,,,,,credit card,158,711,,gold,2842.43,,
,,,,,,,,,,debit card,137,616.5,,member,2402.53,,
,,,,,,,,,,brandy,606,1666.5,,non-member,2429.81,,
,,,,,,,,,,cash,181,497.75,,premium,2854.17,,
,,,,,,,,,,contactless,110,302.5,,staff,3036.6,,
,,,,,,,,,,credit card,144,396,,Port Emilymouth,15539.82,,
,,,,,,,,,,debit card,171,470.25,,corporate,2620.02,,
,,,,,,,,,,bread,1156,873.04,,gold,2676.29,,
,,,,,,,,,,cash,342,262.98,,member,2836.8,,
,,,,,,,,,,contactless,290,216.8,,non-member,2685.67,,
,,,,,,,,,,credit card,259,196.61,,premium,2328.06,,
,,,,,,,,,,debit card,265,196.65,,staff,2392.98,,
,,,,,,,,,,bread roll,542,2325.18,,South Alyssa,15730.69,,
,,,,,,,,,,cash,118,506.22,,corporate,2474.74,,
,,,,,,,,,,contactless,130,557.7,,gold,2780.39,,
,,,,,,,,,,credit card,179,767.91,,member,2644.87,,
,,,,,,,,,,debit card,115,493.35,,non-member,2497.44,,
,,,,,,,,,,breadstick,652,1558.28,,premium,2714.74,,
,,,,,,,,,,cash,209,499.51,,staff,2618.51,,
,,,,,,,,,,contactless,153,365.67,,South Billyview,15460.12,,
,,,,,,,,,,credit card,187,446.93,,corporate,2303.28,,
,,,,,,,,,,debit card,103,246.17,,gold,2574.17,,
,,,,,,,,,,broccoli,492,885.6,,member,2665.7,,
,,,,,,,,,,cash,89,160.2,,non-member,2187.86,,
,,,,,,,,,,contactless,122,219.6,,premium,2600.66,,
,,,,,,,,,,credit card,134,241.2,,staff,3128.45,,
,,,,,,,,,,debit card,147,264.6,,South Christineside,14554.48,,
,,,,,,,,,,Brussels sprouts,673,2819.87,,corporate,2779.08,,
,,,,,,,,,,cash,202,846.38,,gold,2401.39,,
,,,,,,,,,,contactless,152,636.88,,member,2118.43,,
,,,,,,,,,,credit card,184,770.96,,non-member,2686.86,,
,,,,,,,,,,debit card,135,565.65,,premium,2244.68,,
,,,,,,,,,,buckwheat,600,2880,,staff,2324.04,,
,,,,,,,,,,cash,140,672,,South Cynthia,15763.22,,
,,,,,,,,,,contactless,154,739.2,,corporate,2374.8,,
,,,,,,,,,,credit card,125,600,,gold,2712.42,,
,,,,,,,,,,debit card,181,868.8,,member,2527.13,,
,,,,,,,,,,buns,521,98.99,,non-member,2817.22,,
,,,,,,,,,,cash,95,18.05,,premium,2642.77,,
,,,,,,,,,,contactless,147,27.93,,staff,2688.88,,
,,,,,,,,,,credit card,155,29.45,,South Edward,14830.68,,
,,,,,,,,,,debit card,124,23.56,,corporate,2634.23,,
,,,,,,,,,,butter,576,2592,,gold,2117.41,,
,,,,,,,,,,cash,148,666,,member,2217.69,,
,,,,,,,,,,contactless,150,675,,non-member,2729.36,,
,,,,,,,,,,credit card,126,567,,premium,2571.12,,
,,,,,,,,,,debit card,152,684,,staff,2560.87,,
,,,,,,,,,,buttermilk,559,1509.3,,South Helenhaven,16277.5,,
,,,,,,,,,,cash,115,310.5,,corporate,2887.3,,
,,,,,,,,,,contactless,163,440.1,,gold,3275.58,,
,,,,,,,,,,credit card,110,297,,member,2900.06,,
,,,,,,,,,,debit card,171,461.7,,non-member,2811.59,,
,,,,,,,,,,cabbage,549,2580.3,,premium,2231.65,,
,,,,,,,,,,cash,148,695.6,,staff,2171.32,,
,,,,,,,,,,contactless,147,690.9,,South Michaelfurt,15451.22,,
,,,,,,,,,,credit card,137,643.9,,corporate,2566.08,,
,,,,,,,,,,debit card,117,549.9,,gold,2816.87,,
,,,,,,,,,,cake,498,2485.02,,member,2412.32,,
,,,,,,,,,,cash,140,698.6,,non-member,2954.78,,
,,,,,,,,,,contactless,118,588.82,,premium,2048.01,,
,,,,,,,,,,credit card,109,543.91,,staff,2653.16,,
,,,,,,,,,,debit card,131,653.69,,South Rachaelport,15047.7,,
,,,,,,,,,,cake mix,410,779,,corporate,3078.86,,
,,,,,,,,,,cash,105,199.5,,gold,2541.66,,
,,,,,,,,,,contactless,148,281.2,,member,1982.24,,
,,,,,,,,,,credit card,80,152,,non-member,2422.12,,
,,,,,,,,,,debit card,77,146.3,,premium,2342.98,,
,,,,,,,,,,cakes,593,2128.87,,staff,2679.84,,
,,,,,,,,,,cash,173,621.07,,Swansonfurt,15184.17,,
,,,,,,,,,,contactless,185,664.15,,corporate,2578.72,,
,,,,,,,,,,credit card,84,301.56,,gold,2517.41,,
,,,,,,,,,,debit card,151,542.09,,member,2528.61,,
,,,,,,,,,,candied fruit,394,1851.8,,non-member,2627.48,,
,,,,,,,,,,cash,99,465.3,,premium,2540.36,,
,,,,,,,,,,contactless,105,493.5,,staff,2391.59,,
,,,,,,,,,,credit card,83,390.1,,Tracyton,14917.81,,
,,,,,,,,,,debit card,107,502.9,,corporate,2582.25,,
,,,,,,,,,,candies,678,3186.6,,gold,2580.94,,
,,,,,,,,,,cash,155,728.5,,member,2208.11,,
,,,,,,,,,,contactless,231,1085.7,,non-member,2432.02,,
,,,,,,,,,,credit card,138,648.6,,premium,2831.25,,
,,,,,,,,,,debit card,154,723.8,,staff,2283.24,,
,,,,,,,,,,candy,586,1465,,Vincentville,15752.7,,
,,,,,,,,,,cash,152,380,,corporate,2838.82,,
,,,,,,,,,,contactless,111,277.5,,gold,2570.85,,
,,,,,,,,,,credit card,169,422.5,,member,2564.31,,
,,,,,,,,,,debit card,154,385,,non-member,2698.13,,
,,,,,,,,,,candy bar,452,944.68,,premium,2385.65,,
,,,,,,,,,,cash,101,211.09,,staff,2694.94,,
,,,,,,,,,,contactless,154,321.86,,West John,15679.22,,
,,,,,,,,,,credit card,90,188.1,,corporate,2680.8,,
,,,,,,,,,,debit card,107,223.63,,gold,2956.97,,
,,,,,,,,,,canned olives,669,1873.2,,member,2603.38,,
,,,,,,,,,,cash,160,448,,non-member,2535.98,,
,,,,,,,,,,contactless,104,291.2,,premium,2368.84,,
,,,,,,,,,,credit card,207,579.6,,staff,2533.25,,
,,,,,,,,,,debit card,198,554.4,,West Stefanie,15622.27,,
,,,,,,,,,,canned vegetables,635,1746.25,,corporate,2526.13,,
,,,,,,,,,,cash,180,495,,gold,2416.2,,
,,,,,,,,,,contactless,123,338.25,,member,2736.57,,
,,,,,,,,,,credit card,93,255.75,,non-member,2322.84,,
,,,,,,,,,,debit card,239,657.25,,premium,2855,,
,,,,,,,,,,cappuccino,544,1060.8,,staff,2765.53,,
,,,,,,,,,,cash,120,234,,Grand Total,737394.83,,
,,,,,,,,,,contactless,156,304.2,,,,,
,,,,,,,,,,credit card,160,312,,,,,
,,,,,,,,,,debit card,108,210.6,,,,,
,,,,,,,,,,caramels,544,103.36,,,,,
,,,,,,,,,,cash,125,23.75,,,,,
,,,,,,,,,,contactless,172,32.68,,,,,
,,,,,,,,,,credit card,77,14.63,,,,,
,,,,,,,,,,debit card,170,32.3,,,,,
,,,,,,,,,,caraway,594,1300.86,,,,,
,,,,,,,,,,cash,113,247.47,,,,,
,,,,,,,,,,contactless,185,405.15,,,,,
,,,,,,,,,,credit card,147,321.93,,,,,
,,,,,,,,,,debit card,149,326.31,,,,,
,,,,,,,,,,cardamom,614,1528.86,,,,,
,,,,,,,,,,cash,171,425.79,,,,,
,,,,,,,,,,contactless,177,440.73,,,,,
,,,,,,,,,,credit card,132,328.68,,,,,
,,,,,,,,,,debit card,134,333.66,,,,,
,,,,,,,,,,carp,670,469,,,,,
,,,,,,,,,,cash,106,74.2,,,,,
,,,,,,,,,,contactless,176,123.2,,,,,
,,,,,,,,,,credit card,253,177.1,,,,,
,,,,,,,,,,debit card,135,94.5,,,,,
,,,,,,,,,,carrot,614,607.86,,,,,
,,,,,,,,,,cash,130,128.7,,,,,
,,,,,,,,,,contactless,163,161.37,,,,,
,,,,,,,,,,credit card,191,189.09,,,,,
,,,,,,,,,,debit card,130,128.7,,,,,
,,,,,,,,,,cashew nuts,508,2514.6,,,,,
,,,,,,,,,,cash,104,514.8,,,,,
,,,,,,,,,,contactless,127,628.65,,,,,
,,,,,,,,,,credit card,131,648.45,,,,,
,,,,,,,,,,debit card,146,722.7,,,,,
,,,,,,,,,,catfish,522,939.6,,,,,
,,,,,,,,,,cash,136,244.8,,,,,
,,,,,,,,,,contactless,95,171,,,,,
,,,,,,,,,,credit card,163,293.4,,,,,
,,,,,,,,,,debit card,128,230.4,,,,,
,,,,,,,,,,cauliflower,599,1491.51,,,,,
,,,,,,,,,,cash,146,363.54,,,,,
,,,,,,,,,,contactless,115,286.35,,,,,
,,,,,,,,,,credit card,172,428.28,,,,,
,,,,,,,,,,debit card,166,413.34,,,,,
,,,,,,,,,,caviar,533,399.75,,,,,
,,,,,,,,,,cash,164,123,,,,,
,,,,,,,,,,contactless,125,93.75,,,,,
,,,,,,,,,,credit card,93,69.75,,,,,
,,,,,,,,,,debit card,151,113.25,,,,,
,,,,,,,,,,cedar nuts,647,1099.9,,,,,
,,,,,,,,,,cash,203,345.1,,,,,
,,,,,,,,,,contactless,190,323,,,,,
,,,,,,,,,,credit card,132,224.4,,,,,
,,,,,,,,,,debit card,122,207.4,,,,,
,,,,,,,,,,celery,551,2749.49,,,,,
,,,,,,,,,,cash,100,499,,,,,
,,,,,,,,,,contactless,129,643.71,,,,,
,,,,,,,,,,credit card,201,1002.99,,,,,
,,,,,,,,,,debit card,121,603.79,,,,,
,,,,,,,,,,cereal,653,2344.27,,,,,
,,,,,,,,,,cash,187,671.33,,,,,
,,,,,,,,,,contactless,157,563.63,,,,,
,,,,,,,,,,credit card,170,610.3,,,,,
,,,,,,,,,,debit card,139,499.01,,,,,
,,,,,,,,,,champagne,671,3287.9,,,,,
,,,,,,,,,,cash,176,862.4,,,,,
,,,,,,,,,,contactless,151,739.9,,,,,
,,,,,,,,,,credit card,164,803.6,,,,,
,,,,,,,,,,debit card,180,882,,,,,
,,,,,,,,,,Cheddar,480,1344,,,,,
,,,,,,,,,,cash,92,257.6,,,,,
,,,,,,,,,,contactless,106,296.8,,,,,
,,,,,,,,,,credit card,175,490,,,,,
,,,,,,,,,,debit card,107,299.6,,,,,
,,,,,,,,,,cheese,689,551.2,,,,,
,,,,,,,,,,cash,179,143.2,,,,,
,,,,,,,,,,contactless,214,171.2,,,,,
,,,,,,,,,,credit card,148,118.4,,,,,
,,,,,,,,,,debit card,148,118.4,,,,,
,,,,,,,,,,cheesecake,623,1837.85,,,,,
,,,,,,,,,,cash,123,362.85,,,,,
,,,,,,,,,,contactless,145,427.75,,,,,
,,,,,,,,,,credit card,185,545.75,,,,,
,,,,,,,,,,debit card,170,501.5,,,,,
,,,,,,,,,,cherry,471,2307.9,,,,,
,,,,,,,,,,cash,135,661.5,,,,,
,,,,,,,,,,contactless,100,490,,,,,
,,,,,,,,,,credit card,90,441,,,,,
,,,,,,,,,,debit card,146,715.4,,,,,
,,,,,,,,,,cherry pie,459,436.05,,,,,
,,,,,,,,,,cash,88,83.6,,,,,
,,,,,,,,,,contactless,128,121.6,,,,,
,,,,,,,,,,credit card,120,114,,,,,
,,,,,,,,,,debit card,123,116.85,,,,,
,,,,,,,,,,chestnuts,641,608.95,,,,,
,,,,,,,,,,cash,157,149.15,,,,,
,,,,,,,,,,contactless,171,162.45,,,,,
,,,,,,,,,,credit card,139,132.05,,,,,
,,,,,,,,,,debit card,174,165.3,,,,,
,,,,,,,,,,chicken,511,2427.25,,,,,
,,,,,,,,,,cash,156,741,,,,,
,,,,,,,,,,contactless,146,693.5,,,,,
,,,,,,,,,,credit card,106,503.5,,,,,
,,,,,,,,,,debit card,103,489.25,,,,,
,,,,,,,,,,chicken breast,454,408.6,,,,,
,,,,,,,,,,cash,107,96.3,,,,,
,,,,,,,,,,contactless,77,69.3,,,,,
,,,,,,,,,,credit card,163,146.7,,,,,
,,,,,,,,,,debit card,107,96.3,,,,,
,,,,,,,,,,chicken leg,415,788.5,,,,,
,,,,,,,,,,cash,94,178.6,,,,,
,,,,,,,,,,contactless,80,152,,,,,
,,,,,,,,,,credit card,118,224.2,,,,,
,,,,,,,,,,debit card,123,233.7,,,,,
,,,,,,,,,,chicken quarters,416,1368.64,,,,,
,,,,,,,,,,cash,129,424.41,,,,,
,,,,,,,,,,contactless,109,358.61,,,,,
,,,,,,,,,,credit card,70,230.3,,,,,
,,,,,,,,,,debit card,108,355.32,,,,,
,,,,,,,,,,chicken wing,732,2708.4,,,,,
,,,,,,,,,,cash,149,551.3,,,,,
,,,,,,,,,,contactless,202,747.4,,,,,
,,,,,,,,,,credit card,177,654.9,,,,,
,,,,,,,,,,debit card,204,754.8,,,,,
,,,,,,,,,,chicory,472,1552.88,,,,,
,,,,,,,,,,cash,87,286.23,,,,,
,,,,,,,,,,contactless,111,365.19,,,,,
,,,,,,,,,,credit card,156,513.24,,,,,
,,,,,,,,,,debit card,118,388.22,,,,,
,,,,,,,,,,chili pepper,1146,4744.34,,,,,
,,,,,,,,,,cash,273,1130.47,,,,,
,,,,,,,,,,contactless,186,771.44,,,,,
,,,,,,,,,,credit card,341,1412.29,,,,,
,,,,,,,,,,debit card,346,1430.14,,,,,
,,,,,,,,,,chili sauce,450,427.5,,,,,
,,,,,,,,,,cash,78,74.1,,,,,
,,,,,,,,,,contactless,94,89.3,,,,,
,,,,,,,,,,credit card,149,141.55,,,,,
,,,,,,,,,,debit card,129,122.55,,,,,
,,,,,,,,,,chocolate,421,837.79,,,,,
,,,,,,,,,,cash,126,250.74,,,,,
,,,,,,,,,,contactless,123,244.77,,,,,
,,,,,,,,,,credit card,64,127.36,,,,,
,,,,,,,,,,debit card,108,214.92,,,,,
,,,,,,,,,,chocolate bar,573,2177.4,,,,,
,,,,,,,,,,cash,105,399,,,,,
,,,,,,,,,,contactless,129,490.2,,,,,
,,,,,,,,,,credit card,182,691.6,,,,,
,,,,,,,,,,debit card,157,596.6,,,,,
,,,,,,,,,,chocolate cake,719,2365.51,,,,,
,,,,,,,,,,cash,144,473.76,,,,,
,,,,,,,,,,contactless,196,644.84,,,,,
,,,,,,,,,,credit card,190,625.1,,,,,
,,,,,,,,,,debit card,189,621.81,,,,,
,,,,,,,,,,chocolate candies,538,640.22,,,,,
,,,,,,,,,,cash,145,172.55,,,,,
,,,,,,,,,,contactless,140,166.6,,,,,
,,,,,,,,,,credit card,128,152.32,,,,,
,,,,,,,,,,debit card,125,148.75,,,,,
,,,,,,,,,,chocolate chip cake,683,3210.1,,,,,
,,,,,,,,,,cash,243,1142.1,,,,,
,,,,,,,,,,contactless,125,587.5,,,,,
,,,,,,,,,,credit card,164,770.8,,,,,
,,,,,,,,,,debit card,151,709.7,,,,,
,,,,,,,,,,chocolate cookie,477,615.33,,,,,
,,,,,,,,,,cash,98,126.42,,,,,
,,,,,,,,,,contactless,110,141.9,,,,,
,,,,,,,,,,credit card,123,158.67,,,,,
,,,,,,,,,,debit card,146,188.34,,,,,
,,,,,,,,,,chocolate frosting cake,614,2149,,,,,
,,,,,,,,,,cash,159,556.5,,,,,
,,,,,,,,,,contactless,192,672,,,,,
,,,,,,,,,,credit card,143,500.5,,,,,
,,,,,,,,,,debit card,120,420,,,,,
,,,,,,,,,,chocolate ice cream,477,233.73,,,,,
,,,,,,,,,,cash,161,78.89,,,,,
,,,,,,,,,,contactless,103,50.47,,,,,
,,,,,,,,,,credit card,110,53.9,,,,,
,,,,,,,,,,debit card,103,50.47,,,,,
,,,,,,,,,,chocolate layer cake,647,1811.6,,,,,
,,,,,,,,,,cash,155,434,,,,,
,,,,,,,,,,contactless,157,439.6,,,,,
,,,,,,,,,,credit card,170,476,,,,,
,,,,,,,,,,debit card,165,462,,,,,
,,,,,,,,,,chocolates,546,518.7,,,,,
,,,,,,,,,,cash,84,79.8,,,,,
,,,,,,,,,,contactless,107,101.65,,,,,
,,,,,,,,,,credit card,168,159.6,,,,,
,,,,,,,,,,debit card,187,177.65,,,,,
,,,,,,,,,,Christmas cake,472,1552.88,,,,,
,,,,,,,,,,cash,102,335.58,,,,,
,,,,,,,,,,contactless,101,332.29,,,,,
,,,,,,,,,,credit card,150,493.5,,,,,
,,,,,,,,,,debit card,119,391.51,,,,,
,,,,,,,,,,cider,606,1387.74,,,,,
,,,,,,,,,,cash,123,281.67,,,,,
,,,,,,,,,,contactless,173,396.17,,,,,
,,,,,,,,,,credit card,193,441.97,,,,,
,,,,,,,,,,debit card,117,267.93,,,,,
,,,,,,,,,,cinnamon,568,2493.52,,,,,
,,,,,,,,,,cash,106,465.34,,,,,
,,,,,,,,,,contactless,115,504.85,,,,,
,,,,,,,,,,credit card,167,733.13,,,,,
,,,,,,,,,,debit card,180,790.2,,,,,
,,,,,,,,,,cinnamon roll,508,1905,,,,,
,,,,,,,,,,cash,81,303.75,,,,,
,,,,,,,,,,contactless,156,585,,,,,
,,,,,,,,,,credit card,127,476.25,,,,,
,,,,,,,,,,debit card,144,540,,,,,
,,,,,,,,,,clams,461,2074.5,,,,,
,,,,,,,,,,cash,160,720,,,,,
,,,,,,,,,,contactless,120,540,,,,,
,,,,,,,,,,credit card,110,495,,,,,
,,,,,,,,,,debit card,71,319.5,,,,,
,,,,,,,,,,cloves,590,2354.1,,,,,
,,,,,,,,,,cash,178,710.22,,,,,
,,,,,,,,,,contactless,175,698.25,,,,,
,,,,,,,,,,credit card,122,486.78,,,,,
,,,,,,,,,,debit card,115,458.85,,,,,
,,,,,,,,,,cocktail,434,690.06,,,,,
,,,,,,,,,,cash,85,135.15,,,,,
,,,,,,,,,,contactless,89,141.51,,,,,
,,,,,,,,,,credit card,187,297.33,,,,,
,,,,,,,,,,debit card,73,116.07,,,,,
,,,,,,,,,,cocoa,682,2857.58,,,,,
,,,,,,,,,,cash,171,716.49,,,,,
,,,,,,,,,,contactless,211,884.09,,,,,
,,,,,,,,,,credit card,161,674.59,,,,,
,,,,,,,,,,debit card,139,582.41,,,,,
,,,,,,,,,,coconut,459,1147.5,,,,,
,,,,,,,,,,cash,144,360,,,,,
,,,,,,,,,,contactless,107,267.5,,,,,
,,,,,,,,,,credit card,100,250,,,,,
,,,,,,,,,,debit card,108,270,,,,,
,,,,,,,,,,cod,417,1371.93,,,,,
,,,,,,,,,,cash,111,365.19,,,,,
,,,,,,,,,,contactless,91,299.39,,,,,
,,,,,,,,,,credit card,104,342.16,,,,,
,,,,,,,,,,debit card,111,365.19,,,,,
,,,,,,,,,,coffee,569,1536.3,,,,,
,,,,,,,,,,cash,166,448.2,,,,,
,,,,,,,,,,contactless,123,332.1,,,,,
,,,,,,,,,,credit card,131,353.7,,,,,
,,,,,,,,,,debit card,149,402.3,,,,,
,,,,,,,,,,coffee beans,610,298.9,,,,,
,,,,,,,,,,cash,150,73.5,,,,,
,,,,,,,,,,contactless,181,88.69,,,,,
,,,,,,,,,,credit card,157,76.93,,,,,
,,,,,,,,,,debit card,122,59.78,,,,,
,,,,,,,,,,coffee cake,483,574.77,,,,,
,,,,,,,,,,cash,111,132.09,,,,,
,,,,,,,,,,contactless,140,166.6,,,,,
,,,,,,,,,,credit card,89,105.91,,,,,
,,,,,,,,,,debit card,143,170.17,,,,,
,,,,,,,,,,coffee with cream,694,1873.8,,,,,
,,,,,,,,,,cash,158,426.6,,,,,
,,,,,,,,,,contactless,186,502.2,,,,,
,,,,,,,,,,credit card,195,526.5,,,,,
,,,,,,,,,,debit card,155,418.5,,,,,
,,,,,,,,,,coffee with milk,677,2430.43,,,,,
,,,,,,,,,,cash,170,610.3,,,,,
,,,,,,,,,,contactless,191,685.69,,,,,
,,,,,,,,,,credit card,173,621.07,,,,,
,,,,,,,,,,debit card,143,513.37,,,,,
,,,,,,,,,,cognac,494,444.6,,,,,
,,,,,,,,,,cash,129,116.1,,,,,
,,,,,,,,,,contactless,156,140.4,,,,,
,,,,,,,,,,credit card,110,99,,,,,
,,,,,,,,,,debit card,99,89.1,,,,,
,,,,,,,,,,collard,625,1556.25,,,,,
,,,,,,,,,,cash,188,468.12,,,,,
,,,,,,,,,,contactless,180,448.2,,,,,
,,,,,,,,,,credit card,179,445.71,,,,,
,,,,,,,,,,debit card,78,194.22,,,,,
,,,,,,,,,,condensed milk,594,2316.6,,,,,
,,,,,,,,,,cash,184,717.6,,,,,
,,,,,,,,,,contactless,125,487.5,,,,,
,,,,,,,,,,credit card,184,717.6,,,,,
,,,,,,,,,,debit card,101,393.9,,,,,
,,,,,,,,,,condiment,555,416.25,,,,,
,,,,,,,,,,cash,134,100.5,,,,,
,,,,,,,,,,contactless,133,99.75,,,,,
,,,,,,,,,,credit card,114,85.5,,,,,
,,,,,,,,,,debit card,174,130.5,,,,,
,,,,,,,,,,cookie,577,2769.6,,,,,
,,,,,,,,,,cash,129,619.2,,,,,
,,,,,,,,,,contactless,165,792,,,,,
,,,,,,,,,,credit card,169,811.2,,,,,
,,,,,,,,,,debit card,114,547.2,,,,,
,,,,,,,,,,cookies,400,1236,,,,,
,,,,,,,,,,cash,88,271.92,,,,,
,,,,,,,,,,contactless,143,441.87,,,,,
,,,,,,,,,,credit card,72,222.48,,,,,
,,,,,,,,,,debit card,97,299.73,,,,,
,,,,,,,,,,coriander,869,1111.7,,,,,
,,,,,,,,,,cash,255,307.1,,,,,
,,,,,,,,,,contactless,171,223.5,,,,,
,,,,,,,,,,credit card,248,308,,,,,
,,,,,,,,,,debit card,195,273.1,,,,,
,,,,,,,,,,corn,550,1540,,,,,
,,,,,,,,,,cash,136,380.8,,,,,
,,,,,,,,,,contactless,144,403.2,,,,,
,,,,,,,,,,credit card,155,434,,,,,
,,,,,,,,,,debit card,115,322,,,,,
,,,,,,,,,,corn (maize),577,2475.33,,,,,
,,,,,,,,,,cash,170,729.3,,,,,
,,,,,,,,,,contactless,143,613.47,,,,,
,,,,,,,,,,credit card,109,467.61,,,,,
,,,,,,,,,,debit card,155,664.95,,,,,
,,,,,,,,,,corn bread,420,210,,,,,
,,,,,,,,,,cash,135,67.5,,,,,
,,,,,,,,,,contactless,95,47.5,,,,,
,,,,,,,,,,credit card,48,24,,,,,
,,,,,,,,,,debit card,142,71,,,,,
,,,,,,,,,,corn flakes,557,1888.23,,,,,
,,,,,,,,,,cash,123,416.97,,,,,
,,,,,,,,,,contactless,138,467.82,,,,,
,,,,,,,,,,credit card,125,423.75,,,,,
,,,,,,,,,,debit card,171,579.69,,,,,
,,,,,,,,,,corn oil,698,1389.02,,,,,
,,,,,,,,,,cash,145,288.55,,,,,
,,,,,,,,,,contactless,124,246.76,,,,,
,,,,,,,,,,credit card,188,374.12,,,,,
,,,,,,,,,,debit card,241,479.59,,,,,
,,,,,,,,,,corned beef,618,1545,,,,,
,,,,,,,,,,cash,154,385,,,,,
,,,,,,,,,,contactless,137,342.5,,,,,
,,,,,,,,,,credit card,150,375,,,,,
,,,,,,,,,,debit card,177,442.5,,,,,
,,,,,,,,,,cottage cheese,630,2488.5,,,,,
,,,,,,,,,,cash,127,501.65,,,,,
,,,,,,,,,,contactless,172,679.4,,,,,
,,,,,,,,,,credit card,186,734.7,,,,,
,,,,,,,,,,debit card,145,572.75,,,,,
,,,,,,,,,,crab,473,988.57,,,,,
,,,,,,,,,,cash,135,282.15,,,,,
,,,,,,,,,,contactless,128,267.52,,,,,
,,,,,,,,,,credit card,126,263.34,,,,,
,,,,,,,,,,debit card,84,175.56,,,,,
,,,,,,,,,,cracker,566,2122.5,,,,,
,,,,,,,,,,cash,102,382.5,,,,,
,,,,,,,,,,contactless,132,495,,,,,
,,,,,,,,,,credit card,176,660,,,,,
,,,,,,,,,,debit card,156,585,,,,,
,,,,,,,,,,cranberry,351,631.8,,,,,
,,,,,,,,,,cash,92,165.6,,,,,
,,,,,,,,,,contactless,46,82.8,,,,,
,,,,,,,,,,credit card,130,234,,,,,
,,,,,,,,,,debit card,83,149.4,,,,,
,,,,,,,,,,cranberry jam,566,220.74,,,,,
,,,,,,,,,,cash,139,54.21,,,,,
,,,,,,,,,,contactless,110,42.9,,,,,
,,,,,,,,,,credit card,149,58.11,,,,,
,,,,,,,,,,debit card,168,65.52,,,,,
,,,,,,,,,,cranberry sauce,434,1124.06,,,,,
,,,,,,,,,,cash,117,303.03,,,,,
,,,,,,,,,,contactless,106,274.54,,,,,
,,,,,,,,,,credit card,111,287.49,,,,,
,,,,,,,,,,debit card,100,259,,,,,
,,,,,,,,,,crayfish (crawfish),464,1160,,,,,
,,,,,,,,,,cash,102,255,,,,,
,,,,,,,,,,contactless,157,392.5,,,,,
,,,,,,,,,,credit card,117,292.5,,,,,
,,,,,,,,,,debit card,88,220,,,,,
,,,,,,,,,,cream,588,1758.12,,,,,
,,,,,,,,,,cash,131,391.69,,,,,
,,,,,,,,,,contactless,169,505.31,,,,,
,,,,,,,,,,credit card,146,436.54,,,,,
,,,,,,,,,,debit card,142,424.58,,,,,
,,,,,,,,,,cream cheese,695,2015.5,,,,,
,,,,,,,,,,cash,212,614.8,,,,,
,,,,,,,,,,contactless,189,548.1,,,,,
,,,,,,,,,,credit card,210,609,,,,,
,,,,,,,,,,debit card,84,243.6,,,,,
,,,,,,,,,,crescent roll / croissant,659,2036.31,,,,,
,,,,,,,,,,cash,171,528.39,,,,,
,,,,,,,,,,contactless,169,522.21,,,,,
,,,,,,,,,,credit card,146,451.14,,,,,
,,,,,,,,,,debit card,173,534.57,,,,,
,,,,,,,,,,cress,606,2363.4,,,,,
,,,,,,,,,,cash,154,600.6,,,,,
,,,,,,,,,,contactless,134,522.6,,,,,
,,,,,,,,,,credit card,193,752.7,,,,,
,,,,,,,,,,debit card,125,487.5,,,,,
,,,,,,,,,,crouton,531,2277.99,,,,,
,,,,,,,,,,cash,132,566.28,,,,,
,,,,,,,,,,contactless,125,536.25,,,,,
,,,,,,,,,,credit card,142,609.18,,,,,
,,,,,,,,,,debit card,132,566.28,,,,,
,,,,,,,,,,cucumber,456,1596,,,,,
,,,,,,,,,,cash,132,462,,,,,
,,,,,,,,,,contactless,94,329,,,,,
,,,,,,,,,,credit card,100,350,,,,,
,,,,,,,,,,debit card,130,455,,,,,
,,,,,,,,,,dates,481,1630.59,,,,,
,,,,,,,,,,cash,143,484.77,,,,,
,,,,,,,,,,contactless,108,366.12,,,,,
,,,,,,,,,,credit card,142,481.38,,,,,
,,,,,,,,,,debit card,88,298.32,,,,,
,,,,,,,,,,decaffeinated coffee / decaf,503,452.7,,,,,
,,,,,,,,,,cash,117,105.3,,,,,
,,,,,,,,,,contactless,70,63,,,,,
,,,,,,,,,,credit card,198,178.2,,,,,
,,,,,,,,,,debit card,118,106.2,,,,,
,,,,,,,,,,dill,956,3105.28,,,,,
,,,,,,,,,,cash,241,819.15,,,,,
,,,,,,,,,,contactless,204,653.8,,,,,
,,,,,,,,,,credit card,280,812.84,,,,,
,,,,,,,,,,debit card,231,819.49,,,,,
,,,,,,,,,,dip sauce,670,3015,,,,,
,,,,,,,,,,cash,168,756,,,,,
,,,,,,,,,,contactless,206,927,,,,,
,,,,,,,,,,credit card,114,513,,,,,
,,,,,,,,,,debit card,182,819,,,,,
,,,,,,,,,,dough,456,1231.2,,,,,
,,,,,,,,,,cash,100,270,,,,,
,,,,,,,,,,contactless,114,307.8,,,,,
,,,,,,,,,,credit card,104,280.8,,,,,
,,,,,,,,,,debit card,138,372.6,,,,,
,,,,,,,,,,doughnut (donut),541,265.09,,,,,
,,,,,,,,,,cash,117,57.33,,,,,
,,,,,,,,,,contactless,153,74.97,,,,,
,,,,,,,,,,credit card,146,71.54,,,,,
,,,,,,,,,,debit card,125,61.25,,,,,
,,,,,,,,,,dried apricots,451,2119.7,,,,,
,,,,,,,,,,cash,145,681.5,,,,,
,,,,,,,,,,contactless,133,625.1,,,,,
,,,,,,,,,,credit card,104,488.8,,,,,
,,,,,,,,,,debit card,69,324.3,,,,,
,,,,,,,,,,dried fruit,703,667.85,,,,,
,,,,,,,,,,cash,230,218.5,,,,,
,,,,,,,,,,contactless,157,149.15,,,,,
,,,,,,,,,,credit card,199,189.05,,,,,
,,,,,,,,,,debit card,117,111.15,,,,,
,,,,,,,,,,drumstick,459,367.2,,,,,
,,,,,,,,,,cash,140,112,,,,,
,,,,,,,,,,contactless,99,79.2,,,,,
,,,,,,,,,,credit card,61,48.8,,,,,
,,,,,,,,,,debit card,159,127.2,,,,,
,,,,,,,,,,dry milk,617,302.33,,,,,
,,,,,,,,,,cash,172,84.28,,,,,
,,,,,,,,,,contactless,179,87.71,,,,,
,,,,,,,,,,credit card,116,56.84,,,,,
,,,,,,,,,,debit card,150,73.5,,,,,
,,,,,,,,,,duck,437,1525.13,,,,,
,,,,,,,,,,cash,135,471.15,,,,,
,,,,,,,,,,contactless,109,380.41,,,,,
,,,,,,,,,,credit card,71,247.79,,,,,
,,,,,,,,,,debit card,122,425.78,,,,,
,,,,,,,,,,dumplings,657,3153.6,,,,,
,,,,,,,,,,cash,203,974.4,,,,,
,,,,,,,,,,contactless,146,700.8,,,,,
,,,,,,,,,,credit card,171,820.8,,,,,
,,,,,,,,,,debit card,137,657.6,,,,,
,,,,,,,,,,eel,681,1872.75,,,,,
,,,,,,,,,,cash,157,431.75,,,,,
,,,,,,,,,,contactless,192,528,,,,,
,,,,,,,,,,credit card,174,478.5,,,,,
,,,,,,,,,,debit card,158,434.5,,,,,
,,,,,,,,,,eggplant,535,1813.65,,,,,
,,,,,,,,,,cash,126,427.14,,,,,
,,,,,,,,,,contactless,138,467.82,,,,,
,,,,,,,,,,credit card,150,508.5,,,,,
,,,,,,,,,,debit card,121,410.19,,,,,
,,,,,,,,,,eggs,652,1793,,,,,
,,,,,,,,,,cash,184,506,,,,,
,,,,,,,,,,contactless,164,451,,,,,
,,,,,,,,,,credit card,173,475.75,,,,,
,,,,,,,,,,debit card,131,360.25,,,,,
,,,,,,,,,,endive,596,1072.8,,,,,
,,,,,,,,,,cash,166,298.8,,,,,
,,,,,,,,,,contactless,169,304.2,,,,,
,,,,,,,,,,credit card,128,230.4,,,,,
,,,,,,,,,,debit card,133,239.4,,,,,
,,,,,,,,,,English muffin,553,270.97,,,,,
,,,,,,,,,,cash,190,93.1,,,,,
,,,,,,,,,,contactless,141,69.09,,,,,
,,,,,,,,,,credit card,127,62.23,,,,,
,,,,,,,,,,debit card,95,46.55,,,,,
,,,,,,,,,,espresso,719,683.05,,,,,
,,,,,,,,,,cash,246,233.7,,,,,
,,,,,,,,,,contactless,140,133,,,,,
,,,,,,,,,,credit card,147,139.65,,,,,
,,,,,,,,,,debit card,186,176.7,,,,,
,,,,,,,,,,farmers' cheese,533,314.47,,,,,
,,,,,,,,,,cash,141,83.19,,,,,
,,,,,,,,,,contactless,127,74.93,,,,,
,,,,,,,,,,credit card,132,77.88,,,,,
,,,,,,,,,,debit card,133,78.47,,,,,
,,,,,,,,,,fat,616,2772,,,,,
,,,,,,,,,,cash,145,652.5,,,,,
,,,,,,,,,,contactless,133,598.5,,,,,
,,,,,,,,,,credit card,154,693,,,,,
,,,,,,,,,,debit card,184,828,,,,,
,,,,,,,,,,fig,555,105.45,,,,,
,,,,,,,,,,cash,103,19.57,,,,,
,,,,,,,,,,contactless,97,18.43,,,,,
,,,,,,,,,,credit card,171,32.49,,,,,
,,,,,,,,,,debit card,184,34.96,,,,,
,,,,,,,,,,figs,505,1055.45,,,,,
,,,,,,,,,,cash,117,244.53,,,,,
,,,,,,,,,,contactless,127,265.43,,,,,
,,,,,,,,,,credit card,138,288.42,,,,,
,,,,,,,,,,debit card,123,257.07,,,,,
,,,,,,,,,,fillet of sole,477,1950.93,,,,,
,,,,,,,,,,cash,89,364.01,,,,,
,,,,,,,,,,contactless,132,539.88,,,,,
,,,,,,,,,,credit card,128,523.52,,,,,
,,,,,,,,,,debit card,128,523.52,,,,,
,,,,,,,,,,fish,457,1366.43,,,,,
,,,,,,,,,,cash,100,299,,,,,
,,,,,,,,,,contactless,139,415.61,,,,,
,,,,,,,,,,credit card,101,301.99,,,,,
,,,,,,,,,,debit card,117,349.83,,,,,
,,,,,,,,,,fish fillet,451,2029.5,,,,,
,,,,,,,,,,cash,95,427.5,,,,,
,,,,,,,,,,contactless,126,567,,,,,
,,,,,,,,,,credit card,86,387,,,,,
,,,,,,,,,,debit card,144,648,,,,,
,,,,,,,,,,fish steak,507,2022.93,,,,,
,,,,,,,,,,cash,131,522.69,,,,,
,,,,,,,,,,contactless,129,514.71,,,,,
,,,,,,,,,,credit card,115,458.85,,,,,
,,,,,,,,,,debit card,132,526.68,,,,,
,,,,,,,,,,flatfish,385,308,,,,,
,,,,,,,,,,cash,128,102.4,,,,,
,,,,,,,,,,contactless,93,74.4,,,,,
,,,,,,,,,,credit card,98,78.4,,,,,
,,,,,,,,,,debit card,66,52.8,,,,,
,,,,,,,,,,flavoring,520,2594.8,,,,,
,,,,,,,,,,cash,161,803.39,,,,,
,,,,,,,,,,contactless,138,688.62,,,,,
,,,,,,,,,,credit card,118,588.82,,,,,
,,,,,,,,,,debit card,103,513.97,,,,,
,,,,,,,,,,flour,640,1593.6,,,,,
,,,,,,,,,,cash,182,453.18,,,,,
,,,,,,,,,,contactless,169,420.81,,,,,
,,,,,,,,,,credit card,169,420.81,,,,,
,,,,,,,,,,debit card,120,298.8,,,,,
,,,,,,,,,,fowl,530,1855,,,,,
,,,,,,,,,,cash,176,616,,,,,
,,,,,,,,,,contactless,97,339.5,,,,,
,,,,,,,,,,credit card,106,371,,,,,
,,,,,,,,,,debit card,151,528.5,,,,,
,,,,,,,,,,frankfurters,435,1518.15,,,,,
,,,,,,,,,,cash,125,436.25,,,,,
,,,,,,,,,,contactless,114,397.86,,,,,
,,,,,,,,,,credit card,73,254.77,,,,,
,,,,,,,,,,debit card,123,429.27,,,,,
,,,,,,,,,,French bread / French loaf,694,2769.06,,,,,
,,,,,,,,,,cash,192,766.08,,,,,
,,,,,,,,,,contactless,251,1001.49,,,,,
,,,,,,,,,,credit card,112,446.88,,,,,
,,,,,,,,,,debit card,139,554.61,,,,,
,,,,,,,,,,French dressing,588,2910.6,,,,,
,,,,,,,,,,cash,196,970.2,,,,,
,,,,,,,,,,contactless,134,663.3,,,,,
,,,,,,,,,,credit card,137,678.15,,,,,
,,,,,,,,,,debit card,121,598.95,,,,,
,,,,,,,,,,fresh fruit,586,556.7,,,,,
,,,,,,,,,,cash,163,154.85,,,,,
,,,,,,,,,,contactless,114,108.3,,,,,
,,,,,,,,,,credit card,155,147.25,,,,,
,,,,,,,,,,debit card,154,146.3,,,,,
,,,,,,,,,,fresh fruit juice,616,2457.84,,,,,
,,,,,,,,,,cash,129,514.71,,,,,
,,,,,,,,,,contactless,198,790.02,,,,,
,,,,,,,,,,credit card,122,486.78,,,,,
,,,,,,,,,,debit card,167,666.33,,,,,
,,,,,,,,,,fresh vegetables,550,1595,,,,,
,,,,,,,,,,cash,113,327.7,,,,,
,,,,,,,,,,contactless,148,429.2,,,,,
,,,,,,,,,,credit card,144,417.6,,,,,
,,,,,,,,,,debit card,145,420.5,,,,,
,,,,,,,,,,fritter,535,101.65,,,,,
,,,,,,,,,,cash,171,32.49,,,,,
,,,,,,,,,,contactless,116,22.04,,,,,
,,,,,,,,,,credit card,154,29.26,,,,,
,,,,,,,,,,debit card,94,17.86,,,,,
,,,,,,,,,,fruit ice,725,2240.25,,,,,
,,,,,,,,,,cash,128,395.52,,,,,
,,,,,,,,,,contactless,212,655.08,,,,,
,,,,,,,,,,credit card,232,716.88,,,,,
,,,,,,,,,,debit card,153,472.77,,,,,
,,,,,,,,,,fruitcake,615,307.5,,,,,
,,,,,,,,,,cash,113,56.5,,,,,
,,,,,,,,,,contactless,177,88.5,,,,,
,,,,,,,,,,credit card,161,80.5,,,,,
,,,,,,,,,,debit card,164,82,,,,,
,,,,,,,,,,fudge,703,3304.1,,,,,
,,,,,,,,,,cash,113,531.1,,,,,
,,,,,,,,,,contactless,188,883.6,,,,,
,,,,,,,,,,credit card,201,944.7,,,,,
,,,,,,,,,,debit card,201,944.7,,,,,
,,,,,,,,,,fudge brownie,438,1441.02,,,,,
,,,,,,,,,,cash,148,486.92,,,,,
,,,,,,,,,,contactless,79,259.91,,,,,
,,,,,,,,,,credit card,116,381.64,,,,,
,,,,,,,,,,debit card,95,312.55,,,,,
,,,,,,,,,,garlic,1044,553.68,,,,,
,,,,,,,,,,cash,274,151.21,,,,,
,,,,,,,,,,contactless,294,153.32,,,,,
,,,,,,,,,,credit card,241,125.65,,,,,
,,,,,,,,,,debit card,235,123.5,,,,,
,,,,,,,,,,garlic bread,600,1770,,,,,
,,,,,,,,,,cash,126,371.7,,,,,
,,,,,,,,,,contactless,164,483.8,,,,,
,,,,,,,,,,credit card,156,460.2,,,,,
,,,,,,,,,,debit card,154,454.3,,,,,
,,,,,,,,,,garlic sauce,471,1271.7,,,,,
,,,,,,,,,,cash,142,383.4,,,,,
,,,,,,,,,,contactless,126,340.2,,,,,
,,,,,,,,,,credit card,112,302.4,,,,,
,,,,,,,,,,debit card,91,245.7,,,,,
,,,,,,,,,,gin,542,1132.78,,,,,
,,,,,,,,,,cash,144,300.96,,,,,
,,,,,,,,,,contactless,99,206.91,,,,,
,,,,,,,,,,credit card,96,200.64,,,,,
,,,,,,,,,,debit card,203,424.27,,,,,
,,,,,,,,,,ginger ale,482,236.18,,,,,
,,,,,,,,,,cash,131,64.19,,,,,
,,,,,,,,,,contactless,90,44.1,,,,,
,,,,,,,,,,credit card,147,72.03,,,,,
,,,,,,,,,,debit card,114,55.86,,,,,
,,,,,,,,,,gingerbread,443,863.85,,,,,
,,,,,,,,,,cash,83,161.85,,,,,
,,,,,,,,,,contactless,71,138.45,,,,,
,,,,,,,,,,credit card,138,269.1,,,,,
,,,,,,,,,,debit card,151,294.45,,,,,
,,,,,,,,,,goose,512,486.4,,,,,
,,,,,,,,,,cash,167,158.65,,,,,
,,,,,,,,,,contactless,179,170.05,,,,,
,,,,,,,,,,credit card,86,81.7,,,,,
,,,,,,,,,,debit card,80,76,,,,,
,,,,,,,,,,gooseberry,631,315.5,,,,,
,,,,,,,,,,cash,180,90,,,,,
,,,,,,,,,,contactless,208,104,,,,,
,,,,,,,,,,credit card,129,64.5,,,,,
,,,,,,,,,,debit card,114,57,,,,,
,,,,,,,,,,gourd,672,1008,,,,,
,,,,,,,,,,cash,192,288,,,,,
,,,,,,,,,,contactless,182,273,,,,,
,,,,,,,,,,credit card,164,246,,,,,
,,,,,,,,,,debit card,134,201,,,,,
,,,,,,,,,,grape jelly,453,1399.77,,,,,
,,,,,,,,,,cash,108,333.72,,,,,
,,,,,,,,,,contactless,143,441.87,,,,,
,,,,,,,,,,credit card,62,191.58,,,,,
,,,,,,,,,,debit card,140,432.6,,,,,
,,,,,,,,,,grapefruit,431,211.19,,,,,
,,,,,,,,,,cash,94,46.06,,,,,
,,,,,,,,,,contactless,95,46.55,,,,,
,,,,,,,,,,credit card,106,51.94,,,,,
,,,,,,,,,,debit card,136,66.64,,,,,
,,,,,,,,,,grapefruit juice,460,2185,,,,,
,,,,,,,,,,cash,148,703,,,,,
,,,,,,,,,,contactless,88,418,,,,,
,,,,,,,,,,credit card,120,570,,,,,
,,,,,,,,,,debit card,104,494,,,,,
,,,,,,,,,,grapes,554,387.8,,,,,
,,,,,,,,,,cash,134,93.8,,,,,
,,,,,,,,,,contactless,140,98,,,,,
,,,,,,,,,,credit card,94,65.8,,,,,
,,,,,,,,,,debit card,186,130.2,,,,,
,,,,,,,,,,grated cheese,475,1942.75,,,,,
,,,,,,,,,,cash,101,413.09,,,,,
,,,,,,,,,,contactless,107,437.63,,,,,
,,,,,,,,,,credit card,130,531.7,,,,,
,,,,,,,,,,debit card,137,560.33,,,,,
,,,,,,,,,,gravy,574,2583,,,,,
,,,,,,,,,,cash,185,832.5,,,,,
,,,,,,,,,,contactless,117,526.5,,,,,
,,,,,,,,,,credit card,167,751.5,,,,,
,,,,,,,,,,debit card,105,472.5,,,,,
,,,,,,,,,,grease,571,1113.45,,,,,
,,,,,,,,,,cash,168,327.6,,,,,
,,,,,,,,,,contactless,138,269.1,,,,,
,,,,,,,,,,credit card,134,261.3,,,,,
,,,,,,,,,,debit card,131,255.45,,,,,
,,,,,,,,,,green onions / spring onions,627,1247.73,,,,,
,,,,,,,,,,cash,159,316.41,,,,,
,,,,,,,,,,contactless,183,364.17,,,,,
,,,,,,,,,,credit card,132,262.68,,,,,
,,,,,,,,,,debit card,153,304.47,,,,,
,,,,,,,,,,green peas,600,2574,,,,,
,,,,,,,,,,cash,83,356.07,,,,,
,,,,,,,,,,contactless,193,827.97,,,,,
,,,,,,,,,,credit card,167,716.43,,,,,
,,,,,,,,,,debit card,157,673.53,,,,,
,,,,,,,,,,green pepper,578,1150.22,,,,,
,,,,,,,,,,cash,80,159.2,,,,,
,,,,,,,,,,contactless,169,336.31,,,,,
,,,,,,,,,,credit card,149,296.51,,,,,
,,,,,,,,,,debit card,180,358.2,,,,,
,,,,,,,,,,green tea,390,1946.1,,,,,
,,,,,,,,,,cash,83,414.17,,,,,
,,,,,,,,,,contactless,136,678.64,,,,,
,,,,,,,,,,credit card,85,424.15,,,,,
,,,,,,,,,,debit card,86,429.14,,,,,
,,,,,,,,,,griddle cake,518,1528.1,,,,,
,,,,,,,,,,cash,146,430.7,,,,,
,,,,,,,,,,contactless,168,495.6,,,,,
,,,,,,,,,,credit card,111,327.45,,,,,
,,,,,,,,,,debit card,93,274.35,,,,,
,,,,,,,,,,ground beef,632,2521.68,,,,,
,,,,,,,,,,cash,131,522.69,,,,,
,,,,,,,,,,contactless,172,686.28,,,,,
,,,,,,,,,,credit card,188,750.12,,,,,
,,,,,,,,,,debit card,141,562.59,,,,,
,,,,,,,,,,ground pepper,438,915.42,,,,,
,,,,,,,,,,cash,95,198.55,,,,,
,,,,,,,,,,contactless,91,190.19,,,,,
,,,,,,,,,,credit card,145,303.05,,,,,
,,,,,,,,,,debit card,107,223.63,,,,,
,,,,,,,,,,haddock,588,1587.6,,,,,
,,,,,,,,,,cash,165,445.5,,,,,
,,,,,,,,,,contactless,168,453.6,,,,,
,,,,,,,,,,credit card,132,356.4,,,,,
,,,,,,,,,,debit card,123,332.1,,,,,
,,,,,,,,,,half-and-half,659,1640.91,,,,,
,,,,,,,,,,cash,159,395.91,,,,,
,,,,,,,,,,contactless,122,303.78,,,,,
,,,,,,,,,,credit card,168,418.32,,,,,
,,,,,,,,,,debit card,210,522.9,,,,,
,,,,,,,,,,halibut,592,2190.4,,,,,
,,,,,,,,,,cash,154,569.8,,,,,
,,,,,,,,,,contactless,136,503.2,,,,,
,,,,,,,,,,credit card,169,625.3,,,,,
,,,,,,,,,,debit card,133,492.1,,,,,
,,,,,,,,,,ham,726,65.34,,,,,
,,,,,,,,,,cash,160,14.4,,,,,
,,,,,,,,,,contactless,186,16.74,,,,,
,,,,,,,,,,credit card,220,19.8,,,,,
,,,,,,,,,,debit card,160,14.4,,,,,
,,,,,,,,,,hamburger,600,2574,,,,,
,,,,,,,,,,cash,211,905.19,,,,,
,,,,,,,,,,contactless,159,682.11,,,,,
,,,,,,,,,,credit card,125,536.25,,,,,
,,,,,,,,,,debit card,105,450.45,,,,,
,,,,,,,,,,hamburger bun,573,853.77,,,,,
,,,,,,,,,,cash,133,198.17,,,,,
,,,,,,,,,,contactless,137,204.13,,,,,
,,,,,,,,,,credit card,134,199.66,,,,,
,,,,,,,,,,debit card,169,251.81,,,,,
,,,,,,,,,,hard cheese,537,1879.5,,,,,
,,,,,,,,,,cash,112,392,,,,,
,,,,,,,,,,contactless,140,490,,,,,
,,,,,,,,,,credit card,121,423.5,,,,,
,,,,,,,,,,debit card,164,574,,,,,
,,,,,,,,,,hardtack / ship biscuit,529,1158.51,,,,,
,,,,,,,,,,cash,182,398.58,,,,,
,,,,,,,,,,contactless,105,229.95,,,,,
,,,,,,,,,,credit card,125,273.75,,,,,
,,,,,,,,,,debit card,117,256.23,,,,,
,,,,,,,,,,hazelnuts,511,1788.5,,,,,
,,,,,,,,,,cash,129,451.5,,,,,
,,,,,,,,,,contactless,118,413,,,,,
,,,,,,,,,,credit card,91,318.5,,,,,
,,,,,,,,,,debit card,173,605.5,,,,,
,,,,,,,,,,herbal tea,609,846.51,,,,,
,,,,,,,,,,cash,131,182.09,,,,,
,,,,,,,,,,contactless,197,273.83,,,,,
,,,,,,,,,,credit card,129,179.31,,,,,
,,,,,,,,,,debit card,152,211.28,,,,,
,,,,,,,,,,herbs,547,1799.63,,,,,
,,,,,,,,,,cash,176,579.04,,,,,
,,,,,,,,,,contactless,100,329,,,,,
,,,,,,,,,,credit card,162,532.98,,,,,
,,,,,,,,,,debit card,109,358.61,,,,,
,,,,,,,,,,herring,660,1643.4,,,,,
,,,,,,,,,,cash,158,393.42,,,,,
,,,,,,,,,,contactless,192,478.08,,,,,
,,,,,,,,,,credit card,130,323.7,,,,,
,,,,,,,,,,debit card,180,448.2,,,,,
,,,,,,,,,,homemade cheese,502,2409.6,,,,,
,,,,,,,,,,cash,117,561.6,,,,,
,,,,,,,,,,contactless,85,408,,,,,
,,,,,,,,,,credit card,136,652.8,,,,,
,,,,,,,,,,debit card,164,787.2,,,,,
,,,,,,,,,,homemade pie,709,2091.55,,,,,
,,,,,,,,,,cash,156,460.2,,,,,
,,,,,,,,,,contactless,157,463.15,,,,,
,,,,,,,,,,credit card,156,460.2,,,,,
,,,,,,,,,,debit card,240,708,,,,,
,,,,,,,,,,honey,449,534.31,,,,,
,,,,,,,,,,cash,85,101.15,,,,,
,,,,,,,,,,contactless,99,117.81,,,,,
,,,,,,,,,,credit card,105,124.95,,,,,
,,,,,,,,,,debit card,160,190.4,,,,,
,,,,,,,,,,honey cake,439,478.51,,,,,
,,,,,,,,,,cash,87,94.83,,,,,
,,,,,,,,,,contactless,124,135.16,,,,,
,,,,,,,,,,credit card,130,141.7,,,,,
,,,,,,,,,,debit card,98,106.82,,,,,
,,,,,,,,,,horse radish,457,726.63,,,,,
,,,,,,,,,,cash,85,135.15,,,,,
,,,,,,,,,,contactless,151,240.09,,,,,
,,,,,,,,,,credit card,98,155.82,,,,,
,,,,,,,,,,debit card,123,195.57,,,,,
,,,,,,,,,,hot chocolate,593,2668.5,,,,,
,,,,,,,,,,cash,135,607.5,,,,,
,,,,,,,,,,contactless,133,598.5,,,,,
,,,,,,,,,,credit card,173,778.5,,,,,
,,,,,,,,,,debit card,152,684,,,,,
,,,,,,,,,,hot dog bun,641,378.19,,,,,
,,,,,,,,,,cash,154,90.86,,,,,
,,,,,,,,,,contactless,218,128.62,,,,,
,,,,,,,,,,credit card,130,76.7,,,,,
,,,,,,,,,,debit card,139,82.01,,,,,
,,,,,,,,,,hot dogs,642,2503.8,,,,,
,,,,,,,,,,cash,200,780,,,,,
,,,,,,,,,,contactless,178,694.2,,,,,
,,,,,,,,,,credit card,150,585,,,,,
,,,,,,,,,,debit card,114,444.6,,,,,
,,,,,,,,,,hot pepper,1140,1944.59,,,,,
,,,,,,,,,,cash,301,514.58,,,,,
,,,,,,,,,,contactless,292,488.79,,,,,
,,,,,,,,,,credit card,319,559.4,,,,,
,,,,,,,,,,debit card,228,381.82,,,,,
,,,,,,,,,,hot sauce,380,1064,,,,,
,,,,,,,,,,cash,71,198.8,,,,,
,,,,,,,,,,contactless,124,347.2,,,,,
,,,,,,,,,,credit card,102,285.6,,,,,
,,,,,,,,,,debit card,83,232.4,,,,,
,,,,,,,,,,ice cream,495,2450.25,,,,,
,,,,,,,,,,cash,138,683.1,,,,,
,,,,,,,,,,contactless,114,564.3,,,,,
,,,,,,,,,,credit card,152,752.4,,,,,
,,,,,,,,,,debit card,91,450.45,,,,,
,,,,,,,,,,ice-cream cone,411,653.49,,,,,
,,,,,,,,,,cash,142,225.78,,,,,
,,,,,,,,,,contactless,74,117.66,,,,,
,,,,,,,,,,credit card,114,181.26,,,,,
,,,,,,,,,,debit card,81,128.79,,,,,
,,,,,,,,,,iced tea,462,1709.4,,,,,
,,,,,,,,,,cash,144,532.8,,,,,
,,,,,,,,,,contactless,107,395.9,,,,,
,,,,,,,,,,credit card,117,432.9,,,,,
,,,,,,,,,,debit card,94,347.8,,,,,
,,,,,,,,,,Indian tea,513,256.5,,,,,
,,,,,,,,,,cash,110,55,,,,,
,,,,,,,,,,contactless,138,69,,,,,
,,,,,,,,,,credit card,123,61.5,,,,,
,,,,,,,,,,debit card,142,71,,,,,
,,,,,,,,,,instant coffee,640,1337.6,,,,,
,,,,,,,,,,cash,143,298.87,,,,,
,,,,,,,,,,contactless,243,507.87,,,,,
,,,,,,,,,,credit card,118,246.62,,,,,
,,,,,,,,,,debit card,136,284.24,,,,,
,,,,,,,,,,Italian dressing,618,2966.4,,,,,
,,,,,,,,,,cash,145,696,,,,,
,,,,,,,,,,contactless,134,643.2,,,,,
,,,,,,,,,,credit card,168,806.4,,,,,
,,,,,,,,,,debit card,171,820.8,,,,,
,,,,,,,,,,jelly beans,413,784.7,,,,,
,,,,,,,,,,cash,88,167.2,,,,,
,,,,,,,,,,contactless,135,256.5,,,,,
,,,,,,,,,,credit card,89,169.1,,,,,
,,,,,,,,,,debit card,101,191.9,,,,,
,,,,,,,,,,kale,621,496.8,,,,,
,,,,,,,,,,cash,152,121.6,,,,,
,,,,,,,,,,contactless,194,155.2,,,,,
,,,,,,,,,,credit card,139,111.2,,,,,
,,,,,,,,,,debit card,136,108.8,,,,,
,,,,,,,,,,kefir,483,1444.17,,,,,
,,,,,,,,,,cash,129,385.71,,,,,
,,,,,,,,,,contactless,142,424.58,,,,,
,,,,,,,,,,credit card,92,275.08,,,,,
,,,,,,,,,,debit card,120,358.8,,,,,
,,,,,,,,,,ketchup,555,2164.5,,,,,
,,,,,,,,,,cash,140,546,,,,,
,,,,,,,,,,contactless,103,401.7,,,,,
,,,,,,,,,,credit card,141,549.9,,,,,
,,,,,,,,,,debit card,171,666.9,,,,,
,,,,,,,,,,kidney beans,464,371.2,,,,,
,,,,,,,,,,cash,82,65.6,,,,,
,,,,,,,,,,contactless,117,93.6,,,,,
,,,,,,,,,,credit card,151,120.8,,,,,
,,,,,,,,,,debit card,114,91.2,,,,,
,,,,,,,,,,kiwi,517,413.6,,,,,
,,,,,,,,,,cash,123,98.4,,,,,
,,,,,,,,,,contactless,114,91.2,,,,,
,,,,,,,,,,credit card,111,88.8,,,,,
,,,,,,,,,,debit card,169,135.2,,,,,
,,,,,,,,,,knish,516,2012.4,,,,,
,,,,,,,,,,cash,132,514.8,,,,,
,,,,,,,,,,contactless,151,588.9,,,,,
,,,,,,,,,,credit card,102,397.8,,,,,
,,,,,,,,,,debit card,131,510.9,,,,,
,,,,,,,,,,kohlrabi,431,599.09,,,,,
,,,,,,,,,,cash,118,164.02,,,,,
,,,,,,,,,,contactless,111,154.29,,,,,
,,,,,,,,,,credit card,136,189.04,,,,,
,,,,,,,,,,debit card,66,91.74,,,,,
,,,,,,,,,,lamb,450,175.5,,,,,
,,,,,,,,,,cash,131,51.09,,,,,
,,,,,,,,,,contactless,124,48.36,,,,,
,,,,,,,,,,credit card,111,43.29,,,,,
,,,,,,,,,,debit card,84,32.76,,,,,
,,,,,,,,,,lamb chop,592,1474.08,,,,,
,,,,,,,,,,cash,135,336.15,,,,,
,,,,,,,,,,contactless,155,385.95,,,,,
,,,,,,,,,,credit card,107,266.43,,,,,
,,,,,,,,,,debit card,195,485.55,,,,,
,,,,,,,,,,lard,674,1476.06,,,,,
,,,,,,,,,,cash,192,420.48,,,,,
,,,,,,,,,,contactless,117,256.23,,,,,
,,,,,,,,,,credit card,187,409.53,,,,,
,,,,,,,,,,debit card,178,389.82,,,,,
,,,,,,,,,,leaf vegetables / leafy greens / greens,592,704.48,,,,,
,,,,,,,,,,cash,127,151.13,,,,,
,,,,,,,,,,contactless,222,264.18,,,,,
,,,,,,,,,,credit card,127,151.13,,,,,
,,,,,,,,,,debit card,116,138.04,,,,,
,,,,,,,,,,leek,651,1035.09,,,,,
,,,,,,,,,,cash,122,193.98,,,,,
,,,,,,,,,,contactless,191,303.69,,,,,
,,,,,,,,,,credit card,196,311.64,,,,,
,,,,,,,,,,debit card,142,225.78,,,,,
,,,,,,,,,,lemon,500,1145,,,,,
,,,,,,,,,,cash,122,279.38,,,,,
,,,,,,,,,,contactless,92,210.68,,,,,
,,,,,,,,,,credit card,127,290.83,,,,,
,,,,,,,,,,debit card,159,364.11,,,,,
,,,,,,,,,,lemon cake,665,1722.35,,,,,
,,,,,,,,,,cash,157,406.63,,,,,
,,,,,,,,,,contactless,207,536.13,,,,,
,,,,,,,,,,credit card,182,471.38,,,,,
,,,,,,,,,,debit card,119,308.21,,,,,
,,,,,,,,,,lemon juice,418,1082.62,,,,,
,,,,,,,,,,cash,69,178.71,,,,,
,,,,,,,,,,contactless,132,341.88,,,,,
,,,,,,,,,,credit card,89,230.51,,,,,
,,,,,,,,,,debit card,128,331.52,,,,,
,,,,,,,,,,lemon peel,478,1716.02,,,,,
,,,,,,,,,,cash,145,520.55,,,,,
,,,,,,,,,,contactless,102,366.18,,,,,
,,,,,,,,,,credit card,112,402.08,,,,,
,,,,,,,,,,debit card,119,427.21,,,,,
,,,,,,,,,,lemonade,658,980.42,,,,,
,,,,,,,,,,cash,126,187.74,,,,,
,,,,,,,,,,contactless,141,210.09,,,,,
,,,,,,,,,,credit card,183,272.67,,,,,
,,,,,,,,,,debit card,208,309.92,,,,,
,,,,,,,,,,lentil,574,2009,,,,,
,,,,,,,,,,cash,146,511,,,,,
,,,,,,,,,,contactless,102,357,,,,,
,,,,,,,,,,credit card,126,441,,,,,
,,,,,,,,,,debit card,200,700,,,,,
,,,,,,,,,,lettuce,438,1484.82,,,,,
,,,,,,,,,,cash,130,440.7,,,,,
,,,,,,,,,,contactless,77,261.03,,,,,
,,,,,,,,,,credit card,120,406.8,,,,,
,,,,,,,,,,debit card,111,376.29,,,,,
,,,,,,,,,,lima beans,489,1858.2,,,,,
,,,,,,,,,,cash,186,706.8,,,,,
,,,,,,,,,,contactless,75,285,,,,,
,,,,,,,,,,credit card,119,452.2,,,,,
,,,,,,,,,,debit card,109,414.2,,,,,
,,,,,,,,,,lime,477,1092.33,,,,,
,,,,,,,,,,cash,166,380.14,,,,,
,,,,,,,,,,contactless,75,171.75,,,,,
,,,,,,,,,,credit card,102,233.58,,,,,
,,,,,,,,,,debit card,134,306.86,,,,,
,,,,,,,,,,link sausages,689,1784.51,,,,,
,,,,,,,,,,cash,248,642.32,,,,,
,,,,,,,,,,contactless,111,287.49,,,,,
,,,,,,,,,,credit card,156,404.04,,,,,
,,,,,,,,,,debit card,174,450.66,,,,,
,,,,,,,,,,liqueur,664,391.76,,,,,
,,,,,,,,,,cash,183,107.97,,,,,
,,,,,,,,,,contactless,174,102.66,,,,,
,,,,,,,,,,credit card,163,96.17,,,,,
,,,,,,,,,,debit card,144,84.96,,,,,
,,,,,,,,,,lobster,652,775.88,,,,,
,,,,,,,,,,cash,193,229.67,,,,,
,,,,,,,,,,contactless,144,171.36,,,,,
,,,,,,,,,,credit card,155,184.45,,,,,
,,,,,,,,,,debit card,160,190.4,,,,,
,,,,,,,,,,lollipop,655,1932.25,,,,,
,,,,,,,,,,cash,122,359.9,,,,,
,,,,,,,,,,contactless,108,318.6,,,,,
,,,,,,,,,,credit card,238,702.1,,,,,
,,,,,,,,,,debit card,187,551.65,,,,,
,,,,,,,,,,low-fat milk,644,2511.6,,,,,
,,,,,,,,,,cash,131,510.9,,,,,
,,,,,,,,,,contactless,198,772.2,,,,,
,,,,,,,,,,credit card,147,573.3,,,,,
,,,,,,,,,,debit card,168,655.2,,,,,
,,,,,,,,,,macadamia nuts,436,475.24,,,,,
,,,,,,,,,,cash,89,97.01,,,,,
,,,,,,,,,,contactless,122,132.98,,,,,
,,,,,,,,,,credit card,129,140.61,,,,,
,,,,,,,,,,debit card,96,104.64,,,,,
,,,,,,,,,,macaroni,610,2257,,,,,
,,,,,,,,,,cash,162,599.4,,,,,
,,,,,,,,,,contactless,142,525.4,,,,,
,,,,,,,,,,credit card,135,499.5,,,,,
,,,,,,,,,,debit card,171,632.7,,,,,
,,,,,,,,,,mackerel,613,1587.67,,,,,
,,,,,,,,,,cash,150,388.5,,,,,
,,,,,,,,,,contactless,181,468.79,,,,,
,,,,,,,,,,credit card,106,274.54,,,,,
,,,,,,,,,,debit card,176,455.84,,,,,
,,,,,,,,,,maize,500,295,,,,,
,,,,,,,,,,cash,129,76.11,,,,,
,,,,,,,,,,contactless,88,51.92,,,,,
,,,,,,,,,,credit card,155,91.45,,,,,
,,,,,,,,,,debit card,128,75.52,,,,,
,,,,,,,,,,mango,648,1782,,,,,
,,,,,,,,,,cash,128,352,,,,,
,,,,,,,,,,contactless,175,481.25,,,,,
,,,,,,,,,,credit card,163,448.25,,,,,
,,,,,,,,,,debit card,182,500.5,,,,,
,,,,,,,,,,maple syrup,435,1518.15,,,,,
,,,,,,,,,,cash,150,523.5,,,,,
,,,,,,,,,,contactless,93,324.57,,,,,
,,,,,,,,,,credit card,86,300.14,,,,,
,,,,,,,,,,debit card,106,369.94,,,,,
,,,,,,,,,,margarine,558,1166.22,,,,,
,,,,,,,,,,cash,154,321.86,,,,,
,,,,,,,,,,contactless,128,267.52,,,,,
,,,,,,,,,,credit card,178,372.02,,,,,
,,,,,,,,,,debit card,98,204.82,,,,,
,,,,,,,,,,marinated cucumbers,581,691.39,,,,,
,,,,,,,,,,cash,123,146.37,,,,,
,,,,,,,,,,contactless,104,123.76,,,,,
,,,,,,,,,,credit card,173,205.87,,,,,
,,,,,,,,,,debit card,181,215.39,,,,,
,,,,,,,,,,marinated herring,414,1159.2,,,,,
,,,,,,,,,,cash,124,347.2,,,,,
,,,,,,,,,,contactless,68,190.4,,,,,
,,,,,,,,,,credit card,88,246.4,,,,,
,,,,,,,,,,debit card,134,375.2,,,,,
,,,,,,,,,,marjoram,490,44.1,,,,,
,,,,,,,,,,cash,121,10.89,,,,,
,,,,,,,,,,contactless,114,10.26,,,,,
,,,,,,,,,,credit card,179,16.11,,,,,
,,,,,,,,,,debit card,76,6.84,,,,,
,,,,,,,,,,marmalade,658,2362.22,,,,,
,,,,,,,,,,cash,172,617.48,,,,,
,,,,,,,,,,contactless,130,466.7,,,,,
,,,,,,,,,,credit card,193,692.87,,,,,
,,,,,,,,,,debit card,163,585.17,,,,,
,,,,,,,,,,marshmallow,604,1177.8,,,,,
,,,,,,,,,,cash,158,308.1,,,,,
,,,,,,,,,,contactless,144,280.8,,,,,
,,,,,,,,,,credit card,146,284.7,,,,,
,,,,,,,,,,debit card,156,304.2,,,,,
,,,,,,,,,,mayonnaise,483,917.7,,,,,
,,,,,,,,,,cash,118,224.2,,,,,
,,,,,,,,,,contactless,139,264.1,,,,,
,,,,,,,,,,credit card,120,228,,,,,
,,,,,,,,,,debit card,106,201.4,,,,,
,,,,,,,,,,meat,546,1905.54,,,,,
,,,,,,,,,,cash,185,645.65,,,,,
,,,,,,,,,,contactless,123,429.27,,,,,
,,,,,,,,,,credit card,120,418.8,,,,,
,,,,,,,,,,debit card,118,411.82,,,,,
,,,,,,,,,,meat pie,636,2480.4,,,,,
,,,,,,,,,,cash,158,616.2,,,,,
,,,,,,,,,,contactless,167,651.3,,,,,
,,,,,,,,,,credit card,162,631.8,,,,,
,,,,,,,,,,debit card,149,581.1,,,,,
,,,,,,,,,,meat sauce,703,2101.97,,,,,
,,,,,,,,,,cash,185,553.15,,,,,
,,,,,,,,,,contactless,232,693.68,,,,,
,,,,,,,,,,credit card,127,379.73,,,,,
,,,,,,,,,,debit card,159,475.41,,,,,
,,,,,,,,,,melon,529,476.1,,,,,
,,,,,,,,,,cash,179,161.1,,,,,
,,,,,,,,,,contactless,90,81,,,,,
,,,,,,,,,,credit card,177,159.3,,,,,
,,,,,,,,,,debit card,83,74.7,,,,,
,,,,,,,,,,mild cheese,519,565.71,,,,,
,,,,,,,,,,cash,142,154.78,,,,,
,,,,,,,,,,contactless,80,87.2,,,,,
,,,,,,,,,,credit card,120,130.8,,,,,
,,,,,,,,,,debit card,177,192.93,,,,,
,,,,,,,,,,milk,451,446.49,,,,,
,,,,,,,,,,cash,71,70.29,,,,,
,,,,,,,,,,contactless,136,134.64,,,,,
,,,,,,,,,,credit card,119,117.81,,,,,
,,,,,,,,,,debit card,125,123.75,,,,,
,,,,,,,,,,milk shake,580,1154.2,,,,,
,,,,,,,,,,cash,189,376.11,,,,,
,,,,,,,,,,contactless,107,212.93,,,,,
,,,,,,,,,,credit card,154,306.46,,,,,
,,,,,,,,,,debit card,130,258.7,,,,,
,,,,,,,,,,mince pie,543,1189.17,,,,,
,,,,,,,,,,cash,186,407.34,,,,,
,,,,,,,,,,contactless,137,300.03,,,,,
,,,,,,,,,,credit card,90,197.1,,,,,
,,,,,,,,,,debit card,130,284.7,,,,,
,,,,,,,,,,mincemeat pie,472,2355.28,,,,,
,,,,,,,,,,cash,64,319.36,,,,,
,,,,,,,,,,contactless,182,908.18,,,,,
,,,,,,,,,,credit card,104,518.96,,,,,
,,,,,,,,,,debit card,122,608.78,,,,,
,,,,,,,,,,mineral water,488,1708,,,,,
,,,,,,,,,,cash,163,570.5,,,,,
,,,,,,,,,,contactless,98,343,,,,,
,,,,,,,,,,credit card,107,374.5,,,,,
,,,,,,,,,,debit card,120,420,,,,,
,,,,,,,,,,mint,1218,4378.42,,,,,
,,,,,,,,,,cash,285,1015.55,,,,,
,,,,,,,,,,contactless,266,961.78,,,,,
,,,,,,,,,,credit card,295,1119.97,,,,,
,,,,,,,,,,debit card,372,1281.12,,,,,
,,,,,,,,,,mint drops,519,1603.71,,,,,
,,,,,,,,,,cash,90,278.1,,,,,
,,,,,,,,,,contactless,151,466.59,,,,,
,,,,,,,,,,credit card,152,469.68,,,,,
,,,,,,,,,,debit card,126,389.34,,,,,
,,,,,,,,,,mint tea,545,2016.5,,,,,
,,,,,,,,,,cash,172,636.4,,,,,
,,,,,,,,,,contactless,111,410.7,,,,,
,,,,,,,,,,credit card,87,321.9,,,,,
,,,,,,,,,,debit card,175,647.5,,,,,
,,,,,,,,,,Mozzarella,567,2432.43,,,,,
,,,,,,,,,,cash,138,592.02,,,,,
,,,,,,,,,,contactless,149,639.21,,,,,
,,,,,,,,,,credit card,115,493.35,,,,,
,,,,,,,,,,debit card,165,707.85,,,,,
,,,,,,,,,,muesli,390,682.5,,,,,
,,,,,,,,,,cash,90,157.5,,,,,
,,,,,,,,,,contactless,117,204.75,,,,,
,,,,,,,,,,credit card,116,203,,,,,
,,,,,,,,,,debit card,67,117.25,,,,,
,,,,,,,,,,muffin,705,415.95,,,,,
,,,,,,,,,,cash,153,90.27,,,,,
,,,,,,,,,,contactless,213,125.67,,,,,
,,,,,,,,,,credit card,196,115.64,,,,,
,,,,,,,,,,debit card,143,84.37,,,,,
,,,,,,,,,,mullet,491,1374.8,,,,,
,,,,,,,,,,cash,117,327.6,,,,,
,,,,,,,,,,contactless,136,380.8,,,,,
,,,,,,,,,,credit card,127,355.6,,,,,
,,,,,,,,,,debit card,111,310.8,,,,,
,,,,,,,,,,mushroom sauce,661,2108.59,,,,,
,,,,,,,,,,cash,165,526.35,,,,,
,,,,,,,,,,contactless,188,599.72,,,,,
,,,,,,,,,,credit card,139,443.41,,,,,
,,,,,,,,,,debit card,169,539.11,,,,,
,,,,,,,,,,mushrooms,724,3105.96,,,,,
,,,,,,,,,,cash,212,909.48,,,,,
,,,,,,,,,,contactless,145,622.05,,,,,
,,,,,,,,,,credit card,186,797.94,,,,,
,,,,,,,,,,debit card,181,776.49,,,,,
,,,,,,,,,,mustard,440,1276,,,,,
,,,,,,,,,,cash,56,162.4,,,,,
,,,,,,,,,,contactless,128,371.2,,,,,
,,,,,,,,,,credit card,134,388.6,,,,,
,,,,,,,,,,debit card,122,353.8,,,,,
,,,,,,,,,,mutton,663,1259.7,,,,,
,,,,,,,,,,cash,186,353.4,,,,,
,,,,,,,,,,contactless,167,317.3,,,,,
,,,,,,,,,,credit card,162,307.8,,,,,
,,,,,,,,,,debit card,148,281.2,,,,,
,,,,,,,,,,napoleon,707,1060.5,,,,,
,,,,,,,,,,cash,220,330,,,,,
,,,,,,,,,,contactless,156,234,,,,,
,,,,,,,,,,credit card,139,208.5,,,,,
,,,,,,,,,,debit card,192,288,,,,,
,,,,,,,,,,nectarine,541,2650.9,,,,,
,,,,,,,,,,cash,134,656.6,,,,,
,,,,,,,,,,contactless,117,573.3,,,,,
,,,,,,,,,,credit card,148,725.2,,,,,
,,,,,,,,,,debit card,142,695.8,,,,,
,,,,,,,,,,nonfat milk,416,1539.2,,,,,
,,,,,,,,,,cash,136,503.2,,,,,
,,,,,,,,,,contactless,77,284.9,,,,,
,,,,,,,,,,credit card,83,307.1,,,,,
,,,,,,,,,,debit card,120,444,,,,,
,,,,,,,,,,noodles,482,723,,,,,
,,,,,,,,,,cash,81,121.5,,,,,
,,,,,,,,,,contactless,158,237,,,,,
,,,,,,,,,,credit card,128,192,,,,,
,,,,,,,,,,debit card,115,172.5,,,,,
,,,,,,,,,,nutmeg,420,457.8,,,,,
,,,,,,,,,,cash,113,123.17,,,,,
,,,,,,,,,,contactless,99,107.91,,,,,
,,,,,,,,,,credit card,136,148.24,,,,,
,,,,,,,,,,debit card,72,78.48,,,,,
,,,,,,,,,,nuts,692,1792.28,,,,,
,,,,,,,,,,cash,168,435.12,,,,,
,,,,,,,,,,contactless,182,471.38,,,,,
,,,,,,,,,,credit card,208,538.72,,,,,
,,,,,,,,,,debit card,134,347.06,,,,,
,,,,,,,,,,oat flakes,712,3346.4,,,,,
,,,,,,,,,,cash,199,935.3,,,,,
,,,,,,,,,,contactless,225,1057.5,,,,,
,,,,,,,,,,credit card,143,672.1,,,,,
,,,,,,,,,,debit card,145,681.5,,,,,
,,,,,,,,,,oatmeal cookie,596,2264.8,,,,,
,,,,,,,,,,cash,106,402.8,,,,,
,,,,,,,,,,contactless,173,657.4,,,,,
,,,,,,,,,,credit card,156,592.8,,,,,
,,,,,,,,,,debit card,161,611.8,,,,,
,,,,,,,,,,oats,518,2020.2,,,,,
,,,,,,,,,,cash,92,358.8,,,,,
,,,,,,,,,,contactless,128,499.2,,,,,
,,,,,,,,,,credit card,139,542.1,,,,,
,,,,,,,,,,debit card,159,620.1,,,,,
,,,,,,,,,,olive,457,2056.5,,,,,
,,,,,,,,,,cash,77,346.5,,,,,
,,,,,,,,,,contactless,138,621,,,,,
,,,,,,,,,,credit card,111,499.5,,,,,
,,,,,,,,,,debit card,131,589.5,,,,,
,,,,,,,,,,olive oil,607,236.73,,,,,
,,,,,,,,,,cash,158,61.62,,,,,
,,,,,,,,,,contactless,189,73.71,,,,,
,,,,,,,,,,credit card,86,33.54,,,,,
,,,,,,,,,,debit card,174,67.86,,,,,
,,,,,,,,,,onion,596,2324.4,,,,,
,,,,,,,,,,cash,111,432.9,,,,,
,,,,,,,,,,contactless,176,686.4,,,,,
,,,,,,,,,,credit card,169,659.1,,,,,
,,,,,,,,,,debit card,140,546,,,,,
,,,,,,,,,,orange,467,1443.03,,,,,
,,,,,,,,,,cash,145,448.05,,,,,
,,,,,,,,,,contactless,62,191.58,,,,,
,,,,,,,,,,credit card,134,414.06,,,,,
,,,,,,,,,,debit card,126,389.34,,,,,
,,,,,,,,,,orange juice,461,322.7,,,,,
,,,,,,,,,,cash,107,74.9,,,,,
,,,,,,,,,,contactless,92,64.4,,,,,
,,,,,,,,,,credit card,128,89.6,,,,,
,,,,,,,,,,debit card,134,93.8,,,,,
,,,,,,,,,,oregano,618,1699.5,,,,,
,,,,,,,,,,cash,198,544.5,,,,,
,,,,,,,,,,contactless,162,445.5,,,,,
,,,,,,,,,,credit card,141,387.75,,,,,
,,,,,,,,,,debit card,117,321.75,,,,,
,,,,,,,,,,oysters,580,2204,,,,,
,,,,,,,,,,cash,140,532,,,,,
,,,,,,,,,,contactless,146,554.8,,,,,
,,,,,,,,,,credit card,162,615.6,,,,,
,,,,,,,,,,debit card,132,501.6,,,,,
,,,,,,,,,,pancake,679,400.61,,,,,
,,,,,,,,,,cash,155,91.45,,,,,
,,,,,,,,,,contactless,173,102.07,,,,,
,,,,,,,,,,credit card,115,67.85,,,,,
,,,,,,,,,,debit card,236,139.24,,,,,
,,,,,,,,,,papaya,483,1304.1,,,,,
,,,,,,,,,,cash,100,270,,,,,
,,,,,,,,,,contactless,144,388.8,,,,,
,,,,,,,,,,credit card,118,318.6,,,,,
,,,,,,,,,,debit card,121,326.7,,,,,
,,,,,,,,,,paprika,582,285.18,,,,,
,,,,,,,,,,cash,129,63.21,,,,,
,,,,,,,,,,contactless,153,74.97,,,,,
,,,,,,,,,,credit card,153,74.97,,,,,
,,,,,,,,,,debit card,147,72.03,,,,,
,,,,,,,,,,Parmesan,406,483.14,,,,,
,,,,,,,,,,cash,113,134.47,,,,,
,,,,,,,,,,contactless,99,117.81,,,,,
,,,,,,,,,,credit card,110,130.9,,,,,
,,,,,,,,,,debit card,84,99.96,,,,,
,,,,,,,,,,parsley,1045,2605.8,,,,,
,,,,,,,,,,cash,292,759.95,,,,,
,,,,,,,,,,contactless,264,557.85,,,,,
,,,,,,,,,,credit card,260,679.3,,,,,
,,,,,,,,,,debit card,229,608.7,,,,,
,,,,,,,,,,parsnip,609,968.31,,,,,
,,,,,,,,,,cash,146,232.14,,,,,
,,,,,,,,,,contactless,153,243.27,,,,,
,,,,,,,,,,credit card,203,322.77,,,,,
,,,,,,,,,,debit card,107,170.13,,,,,
,,,,,,,,,,pasta,568,2130,,,,,
,,,,,,,,,,cash,131,491.25,,,,,
,,,,,,,,,,contactless,129,483.75,,,,,
,,,,,,,,,,credit card,165,618.75,,,,,
,,,,,,,,,,debit card,143,536.25,,,,,
,,,,,,,,,,pasteurized milk,538,48.42,,,,,
,,,,,,,,,,cash,102,9.18,,,,,
,,,,,,,,,,contactless,156,14.04,,,,,
,,,,,,,,,,credit card,111,9.99,,,,,
,,,,,,,,,,debit card,169,15.21,,,,,
,,,,,,,,,,pastrami,594,2673,,,,,
,,,,,,,,,,cash,172,774,,,,,
,,,,,,,,,,contactless,122,549,,,,,
,,,,,,,,,,credit card,131,589.5,,,,,
,,,,,,,,,,debit card,169,760.5,,,,,
,,,,,,,,,,peach,659,2036.31,,,,,
,,,,,,,,,,cash,202,624.18,,,,,
,,,,,,,,,,contactless,153,472.77,,,,,
,,,,,,,,,,credit card,189,584.01,,,,,
,,,,,,,,,,debit card,115,355.35,,,,,
,,,,,,,,,,peanut butter,629,1195.1,,,,,
,,,,,,,,,,cash,206,391.4,,,,,
,,,,,,,,,,contactless,164,311.6,,,,,
,,,,,,,,,,credit card,129,245.1,,,,,
,,,,,,,,,,debit card,130,247,,,,,
,,,,,,,,,,peanuts,681,1423.29,,,,,
,,,,,,,,,,cash,164,342.76,,,,,
,,,,,,,,,,contactless,171,357.39,,,,,
,,,,,,,,,,credit card,187,390.83,,,,,
,,,,,,,,,,debit card,159,332.31,,,,,
,,,,,,,,,,pear,507,963.3,,,,,
,,,,,,,,,,cash,104,197.6,,,,,
,,,,,,,,,,contactless,89,169.1,,,,,
,,,,,,,,,,credit card,153,290.7,,,,,
,,,,,,,,,,debit card,161,305.9,,,,,
,,,,,,,,,,pecans,416,1996.8,,,,,
,,,,,,,,,,cash,92,441.6,,,,,
,,,,,,,,,,contactless,100,480,,,,,
,,,,,,,,,,credit card,87,417.6,,,,,
,,,,,,,,,,debit card,137,657.6,,,,,
,,,,,,,,,,pepper,416,619.84,,,,,
,,,,,,,,,,cash,120,178.8,,,,,
,,,,,,,,,,contactless,97,144.53,,,,,
,,,,,,,,,,credit card,102,151.98,,,,,
,,,,,,,,,,debit card,97,144.53,,,,,
,,,,,,,,,,perch,628,1312.52,,,,,
,,,,,,,,,,cash,154,321.86,,,,,
,,,,,,,,,,contactless,127,265.43,,,,,
,,,,,,,,,,credit card,116,242.44,,,,,
,,,,,,,,,,debit card,231,482.79,,,,,
,,,,,,,,,,persimmon,594,2346.3,,,,,
,,,,,,,,,,cash,209,825.55,,,,,
,,,,,,,,,,contactless,171,675.45,,,,,
,,,,,,,,,,credit card,77,304.15,,,,,
,,,,,,,,,,debit card,137,541.15,,,,,
,,,,,,,,,,pickled cucumbers / pickles,565,559.35,,,,,
,,,,,,,,,,cash,158,156.42,,,,,
,,,,,,,,,,contactless,156,154.44,,,,,
,,,,,,,,,,credit card,83,82.17,,,,,
,,,,,,,,,,debit card,168,166.32,,,,,
,,,,,,,,,,pie,631,2460.9,,,,,
,,,,,,,,,,cash,117,456.3,,,,,
,,,,,,,,,,contactless,181,705.9,,,,,
,,,,,,,,,,credit card,150,585,,,,,
,,,,,,,,,,debit card,183,713.7,,,,,
,,,,,,,,,,pies,635,1517.65,,,,,
,,,,,,,,,,cash,120,286.8,,,,,
,,,,,,,,,,contactless,155,370.45,,,,,
,,,,,,,,,,credit card,206,492.34,,,,,
,,,,,,,,,,debit card,154,368.06,,,,,
,,,,,,,,,,pike,441,1847.79,,,,,
,,,,,,,,,,cash,62,259.78,,,,,
,,,,,,,,,,contactless,145,607.55,,,,,
,,,,,,,,,,credit card,109,456.71,,,,,
,,,,,,,,,,debit card,125,523.75,,,,,
,,,,,,,,,,pineapple,514,2564.86,,,,,
,,,,,,,,,,cash,114,568.86,,,,,
,,,,,,,,,,contactless,190,948.1,,,,,
,,,,,,,,,,credit card,96,479.04,,,,,
,,,,,,,,,,debit card,114,568.86,,,,,
,,,,,,,,,,pistachio nuts,526,310.34,,,,,
,,,,,,,,,,cash,133,78.47,,,,,
,,,,,,,,,,contactless,146,86.14,,,,,
,,,,,,,,,,credit card,145,85.55,,,,,
,,,,,,,,,,debit card,102,60.18,,,,,
,,,,,,,,,,pita bread,527,2608.65,,,,,
,,,,,,,,,,cash,118,584.1,,,,,
,,,,,,,,,,contactless,135,668.25,,,,,
,,,,,,,,,,credit card,162,801.9,,,,,
,,,,,,,,,,debit card,112,554.4,,,,,
,,,,,,,,,,pizza,493,1227.57,,,,,
,,,,,,,,,,cash,97,241.53,,,,,
,,,,,,,,,,contactless,113,281.37,,,,,
,,,,,,,,,,credit card,154,383.46,,,,,
,,,,,,,,,,debit card,129,321.21,,,,,
,,,,,,,,,,plaice,540,2316.6,,,,,
,,,,,,,,,,cash,105,450.45,,,,,
,,,,,,,,,,contactless,131,561.99,,,,,
,,,,,,,,,,credit card,167,716.43,,,,,
,,,,,,,,,,debit card,137,587.73,,,,,
,,,,,,,,,,plum,508,355.6,,,,,
,,,,,,,,,,cash,134,93.8,,,,,
,,,,,,,,,,contactless,181,126.7,,,,,
,,,,,,,,,,credit card,90,63,,,,,
,,,,,,,,,,debit card,103,72.1,,,,,
,,,,,,,,,,pomegranate,460,1559.4,,,,,
,,,,,,,,,,cash,131,444.09,,,,,
,,,,,,,,,,contactless,101,342.39,,,,,
,,,,,,,,,,credit card,150,508.5,,,,,
,,,,,,,,,,debit card,78,264.42,,,,,
,,,,,,,,,,popcorn,624,742.56,,,,,
,,,,,,,,,,cash,138,164.22,,,,,
,,,,,,,,,,contactless,206,245.14,,,,,
,,,,,,,,,,credit card,145,172.55,,,,,
,,,,,,,,,,debit card,135,160.65,,,,,
,,,,,,,,,,poppy seed roll,490,1661.1,,,,,
,,,,,,,,,,cash,124,420.36,,,,,
,,,,,,,,,,contactless,107,362.73,,,,,
,,,,,,,,,,credit card,95,322.05,,,,,
,,,,,,,,,,debit card,164,555.96,,,,,
,,,,,,,,,,popsicle,583,1859.77,,,,,
,,,,,,,,,,cash,148,472.12,,,,,
,,,,,,,,,,contactless,144,459.36,,,,,
,,,,,,,,,,credit card,139,443.41,,,,,
,,,,,,,,,,debit card,152,484.88,,,,,
,,,,,,,,,,pork,677,1827.9,,,,,
,,,,,,,,,,cash,179,483.3,,,,,
,,,,,,,,,,contactless,127,342.9,,,,,
,,,,,,,,,,credit card,183,494.1,,,,,
,,,,,,,,,,debit card,188,507.6,,,,,
,,,,,,,,,,pork chop,414,1987.2,,,,,
,,,,,,,,,,cash,144,691.2,,,,,
,,,,,,,,,,contactless,95,456,,,,,
,,,,,,,,,,credit card,98,470.4,,,,,
,,,,,,,,,,debit card,77,369.6,,,,,
,,,,,,,,,,potato,535,2648.25,,,,,
,,,,,,,,,,cash,112,554.4,,,,,
,,,,,,,,,,contactless,120,594,,,,,
,,,,,,,,,,credit card,180,891,,,,,
,,,,,,,,,,debit card,123,608.85,,,,,
,,,,,,,,,,poultry,540,2424.6,,,,,
,,,,,,,,,,cash,74,332.26,,,,,
,,,,,,,,,,contactless,168,754.32,,,,,
,,,,,,,,,,credit card,132,592.68,,,,,
,,,,,,,,,,debit card,166,745.34,,,,,
,,,,,,,,,,pound cake,500,1495,,,,,
,,,,,,,,,,cash,144,430.56,,,,,
,,,,,,,,,,contactless,156,466.44,,,,,
,,,,,,,,,,credit card,106,316.94,,,,,
,,,,,,,,,,debit card,94,281.06,,,,,
,,,,,,,,,,prawns,550,1259.5,,,,,
,,,,,,,,,,cash,139,318.31,,,,,
,,,,,,,,,,contactless,169,387.01,,,,,
,,,,,,,,,,credit card,109,249.61,,,,,
,,,,,,,,,,debit card,133,304.57,,,,,
,,,,,,,,,,pretzel,650,1820,,,,,
,,,,,,,,,,cash,166,464.8,,,,,
,,,,,,,,,,contactless,111,310.8,,,,,
,,,,,,,,,,credit card,183,512.4,,,,,
,,,,,,,,,,debit card,190,532,,,,,
,,,,,,,,,,prunes,532,1324.68,,,,,
,,,,,,,,,,cash,156,388.44,,,,,
,,,,,,,,,,contactless,113,281.37,,,,,
,,,,,,,,,,credit card,130,323.7,,,,,
,,,,,,,,,,debit card,133,331.17,,,,,
,,,,,,,,,,pumpkin,655,1565.45,,,,,
,,,,,,,,,,cash,171,408.69,,,,,
,,,,,,,,,,contactless,197,470.83,,,,,
,,,,,,,,,,credit card,112,267.68,,,,,
,,,,,,,,,,debit card,175,418.25,,,,,
,,,,,,,,,,pumpkin pie,568,426,,,,,
,,,,,,,,,,cash,122,91.5,,,,,
,,,,,,,,,,contactless,158,118.5,,,,,
,,,,,,,,,,credit card,153,114.75,,,,,
,,,,,,,,,,debit card,135,101.25,,,,,
,,,,,,,,,,pumpkin seeds,618,2589.42,,,,,
,,,,,,,,,,cash,119,498.61,,,,,
,,,,,,,,,,contactless,162,678.78,,,,,
,,,,,,,,,,credit card,168,703.92,,,,,
,,,,,,,,,,debit card,169,708.11,,,,,
,,,,,,,,,,punch,456,1819.44,,,,,
,,,,,,,,,,cash,135,538.65,,,,,
,,,,,,,,,,contactless,88,351.12,,,,,
,,,,,,,,,,credit card,116,462.84,,,,,
,,,,,,,,,,debit card,117,466.83,,,,,
,,,,,,,,,,radish,659,2958.91,,,,,
,,,,,,,,,,cash,173,776.77,,,,,
,,,,,,,,,,contactless,193,866.57,,,,,
,,,,,,,,,,credit card,160,718.4,,,,,
,,,,,,,,,,debit card,133,597.17,,,,,
,,,,,,,,,,raisin bread,521,619.99,,,,,
,,,,,,,,,,cash,116,138.04,,,,,
,,,,,,,,,,contactless,131,155.89,,,,,
,,,,,,,,,,credit card,90,107.1,,,,,
,,,,,,,,,,debit card,184,218.96,,,,,
,,,,,,,,,,raisin cupcake,658,1151.5,,,,,
,,,,,,,,,,cash,182,318.5,,,,,
,,,,,,,,,,contactless,134,234.5,,,,,
,,,,,,,,,,credit card,174,304.5,,,,,
,,,,,,,,,,debit card,168,294,,,,,
,,,,,,,,,,raisin muffin,648,2196.72,,,,,
,,,,,,,,,,cash,157,532.23,,,,,
,,,,,,,,,,contactless,135,457.65,,,,,
,,,,,,,,,,credit card,141,477.99,,,,,
,,,,,,,,,,debit card,215,728.85,,,,,
,,,,,,,,,,raisins,635,2025.65,,,,,
,,,,,,,,,,cash,146,465.74,,,,,
,,,,,,,,,,contactless,209,666.71,,,,,
,,,,,,,,,,credit card,133,424.27,,,,,
,,,,,,,,,,debit card,147,468.93,,,,,
,,,,,,,,,,raspberry,644,1989.96,,,,,
,,,,,,,,,,cash,158,488.22,,,,,
,,,,,,,,,,contactless,130,401.7,,,,,
,,,,,,,,,,credit card,241,744.69,,,,,
,,,,,,,,,,debit card,115,355.35,,,,,
,,,,,,,,,,raspberry jam,498,1738.02,,,,,
,,,,,,,,,,cash,124,432.76,,,,,
,,,,,,,,,,contactless,164,572.36,,,,,
,,,,,,,,,,credit card,116,404.84,,,,,
,,,,,,,,,,debit card,94,328.06,,,,,
,,,,,,,,,,ravioli,656,1180.8,,,,,
,,,,,,,,,,cash,122,219.6,,,,,
,,,,,,,,,,contactless,207,372.6,,,,,
,,,,,,,,,,credit card,187,336.6,,,,,
,,,,,,,,,,debit card,140,252,,,,,
,,,,,,,,,,red currants,469,1027.11,,,,,
,,,,,,,,,,cash,90,197.1,,,,,
,,,,,,,,,,contactless,108,236.52,,,,,
,,,,,,,,,,credit card,133,291.27,,,,,
,,,,,,,,,,debit card,138,302.22,,,,,
,,,,,,,,,,red pepper,1017,925.63,,,,,
,,,,,,,,,,cash,244,213.16,,,,,
,,,,,,,,,,contactless,237,214.43,,,,,
,,,,,,,,,,credit card,201,200.39,,,,,
,,,,,,,,,,debit card,335,297.65,,,,,
,,,,,,,,,,red wine,501,1953.9,,,,,
,,,,,,,,,,cash,135,526.5,,,,,
,,,,,,,,,,contactless,138,538.2,,,,,
,,,,,,,,,,credit card,130,507,,,,,
,,,,,,,,,,debit card,98,382.2,,,,,
,,,,,,,,,,relish,580,870,,,,,
,,,,,,,,,,cash,112,168,,,,,
,,,,,,,,,,contactless,191,286.5,,,,,
,,,,,,,,,,credit card,175,262.5,,,,,
,,,,,,,,,,debit card,102,153,,,,,
,,,,,,,,,,rhubarb pie,513,461.7,,,,,
,,,,,,,,,,cash,91,81.9,,,,,
,,,,,,,,,,contactless,92,82.8,,,,,
,,,,,,,,,,credit card,188,169.2,,,,,
,,,,,,,,,,debit card,142,127.8,,,,,
,,,,,,,,,,rice,400,516,,,,,
,,,,,,,,,,cash,106,136.74,,,,,
,,,,,,,,,,contactless,73,94.17,,,,,
,,,,,,,,,,credit card,137,176.73,,,,,
,,,,,,,,,,debit card,84,108.36,,,,,
,,,,,,,,,,rice flakes,499,2240.51,,,,,
,,,,,,,,,,cash,120,538.8,,,,,
,,,,,,,,,,contactless,124,556.76,,,,,
,,,,,,,,,,credit card,151,677.99,,,,,
,,,,,,,,,,debit card,104,466.96,,,,,
,,,,,,,,,,roach,729,2544.21,,,,,
,,,,,,,,,,cash,191,666.59,,,,,
,,,,,,,,,,contactless,174,607.26,,,,,
,,,,,,,,,,credit card,136,474.64,,,,,
,,,,,,,,,,debit card,228,795.72,,,,,
,,,,,,,,,,roast beef,644,2118.76,,,,,
,,,,,,,,,,cash,156,513.24,,,,,
,,,,,,,,,,contactless,167,549.43,,,,,
,,,,,,,,,,credit card,155,509.95,,,,,
,,,,,,,,,,debit card,166,546.14,,,,,
,,,,,,,,,,roll,497,2181.83,,,,,
,,,,,,,,,,cash,119,522.41,,,,,
,,,,,,,,,,contactless,128,561.92,,,,,
,,,,,,,,,,credit card,118,518.02,,,,,
,,,,,,,,,,debit card,132,579.48,,,,,
,,,,,,,,,,rolls,656,2748.64,,,,,
,,,,,,,,,,cash,172,720.68,,,,,
,,,,,,,,,,contactless,146,611.74,,,,,
,,,,,,,,,,credit card,170,712.3,,,,,
,,,,,,,,,,debit card,168,703.92,,,,,
,,,,,,,,,,Roquefort,492,2435.4,,,,,
,,,,,,,,,,cash,144,712.8,,,,,
,,,,,,,,,,contactless,131,648.45,,,,,
,,,,,,,,,,credit card,116,574.2,,,,,
,,,,,,,,,,debit card,101,499.95,,,,,
,,,,,,,,,,rosemary,641,314.09,,,,,
,,,,,,,,,,cash,184,90.16,,,,,
,,,,,,,,,,contactless,109,53.41,,,,,
,,,,,,,,,,credit card,172,84.28,,,,,
,,,,,,,,,,debit card,176,86.24,,,,,
,,,,,,,,,,rum,504,1053.36,,,,,
,,,,,,,,,,cash,141,294.69,,,,,
,,,,,,,,,,contactless,126,263.34,,,,,
,,,,,,,,,,credit card,115,240.35,,,,,
,,,,,,,,,,debit card,122,254.98,,,,,
,,,,,,,,,,Russian dressing,625,3000,,,,,
,,,,,,,,,,cash,128,614.4,,,,,
,,,,,,,,,,contactless,170,816,,,,,
,,,,,,,,,,credit card,190,912,,,,,
,,,,,,,,,,debit card,137,657.6,,,,,
,,,,,,,,,,rye,570,1419.3,,,,,
,,,,,,,,,,cash,176,438.24,,,,,
,,,,,,,,,,contactless,178,443.22,,,,,
,,,,,,,,,,credit card,97,241.53,,,,,
,,,,,,,,,,debit card,119,296.31,,,,,
,,,,,,,,,,rye bread,496,788.64,,,,,
,,,,,,,,,,cash,70,111.3,,,,,
,,,,,,,,,,contactless,157,249.63,,,,,
,,,,,,,,,,credit card,125,198.75,,,,,
,,,,,,,,,,debit card,144,228.96,,,,,
,,,,,,,,,,salad dressing,554,2487.46,,,,,
,,,,,,,,,,cash,154,691.46,,,,,
,,,,,,,,,,contactless,128,574.72,,,,,
,,,,,,,,,,credit card,134,601.66,,,,,
,,,,,,,,,,debit card,138,619.62,,,,,
,,,,,,,,,,salad vegetables,558,2650.5,,,,,
,,,,,,,,,,cash,152,722,,,,,
,,,,,,,,,,contactless,95,451.25,,,,,
,,,,,,,,,,credit card,174,826.5,,,,,
,,,,,,,,,,debit card,137,650.75,,,,,
,,,,,,,,,,salami,533,399.75,,,,,
,,,,,,,,,,cash,121,90.75,,,,,
,,,,,,,,,,contactless,173,129.75,,,,,
,,,,,,,,,,credit card,120,90,,,,,
,,,,,,,,,,debit card,119,89.25,,,,,
,,,,,,,,,,salmon,460,414,,,,,
,,,,,,,,,,cash,97,87.3,,,,,
,,,,,,,,,,contactless,103,92.7,,,,,
,,,,,,,,,,credit card,100,90,,,,,
,,,,,,,,,,debit card,160,144,,,,,
,,,,,,,,,,salmon steak,583,553.85,,,,,
,,,,,,,,,,cash,123,116.85,,,,,
,,,,,,,,,,contactless,158,150.1,,,,,
,,,,,,,,,,credit card,155,147.25,,,,,
,,,,,,,,,,debit card,147,139.65,,,,,
,,,,,,,,,,salt,438,608.82,,,,,
,,,,,,,,,,cash,109,151.51,,,,,
,,,,,,,,,,contactless,117,162.63,,,,,
,,,,,,,,,,credit card,104,144.56,,,,,
,,,,,,,,,,debit card,108,150.12,,,,,
,,,,,,,,,,salted fish,696,2777.04,,,,,
,,,,,,,,,,cash,114,454.86,,,,,
,,,,,,,,,,contactless,153,610.47,,,,,
,,,,,,,,,,credit card,229,913.71,,,,,
,,,,,,,,,,debit card,200,798,,,,,
,,,,,,,,,,sardine,643,1343.87,,,,,
,,,,,,,,,,cash,134,280.06,,,,,
,,,,,,,,,,contactless,149,311.41,,,,,
,,,,,,,,,,credit card,240,501.6,,,,,
,,,,,,,,,,debit card,120,250.8,,,,,
,,,,,,,,,,sauerkraut,475,427.5,,,,,
,,,,,,,,,,cash,110,99,,,,,
,,,,,,,,,,contactless,170,153,,,,,
,,,,,,,,,,credit card,98,88.2,,,,,
,,,,,,,,,,debit card,97,87.3,,,,,
,,,,,,,,,,sausage,672,1606.08,,,,,
,,,,,,,,,,cash,153,365.67,,,,,
,,,,,,,,,,contactless,251,599.89,,,,,
,,,,,,,,,,credit card,126,301.14,,,,,
,,,,,,,,,,debit card,142,339.38,,,,,
,,,,,,,,,,sea bass,623,2336.25,,,,,
,,,,,,,,,,cash,155,581.25,,,,,
,,,,,,,,,,contactless,170,637.5,,,,,
,,,,,,,,,,credit card,131,491.25,,,,,
,,,,,,,,,,debit card,167,626.25,,,,,
,,,,,,,,,,seafood,684,950.76,,,,,
,,,,,,,,,,cash,136,189.04,,,,,
,,,,,,,,,,contactless,181,251.59,,,,,
,,,,,,,,,,credit card,169,234.91,,,,,
,,,,,,,,,,debit card,198,275.22,,,,,
,,,,,,,,,,seasoning,559,2739.1,,,,,
,,,,,,,,,,cash,136,666.4,,,,,
,,,,,,,,,,contactless,103,504.7,,,,,
,,,,,,,,,,credit card,159,779.1,,,,,
,,,,,,,,,,debit card,161,788.9,,,,,
,,,,,,,,,,seeds,542,1674.78,,,,,
,,,,,,,,,,cash,155,478.95,,,,,
,,,,,,,,,,contactless,146,451.14,,,,,
,,,,,,,,,,credit card,126,389.34,,,,,
,,,,,,,,,,debit card,115,355.35,,,,,
,,,,,,,,,,sesame oil,617,2344.6,,,,,
,,,,,,,,,,cash,150,570,,,,,
,,,,,,,,,,contactless,125,475,,,,,
,,,,,,,,,,credit card,137,520.6,,,,,
,,,,,,,,,,debit card,205,779,,,,,
,,,,,,,,,,sesame roll,593,1601.1,,,,,
,,,,,,,,,,cash,136,367.2,,,,,
,,,,,,,,,,contactless,166,448.2,,,,,
,,,,,,,,,,credit card,147,396.9,,,,,
,,,,,,,,,,debit card,144,388.8,,,,,
,,,,,,,,,,sharp cheese,392,74.48,,,,,
,,,,,,,,,,cash,60,11.4,,,,,
,,,,,,,,,,contactless,69,13.11,,,,,
,,,,,,,,,,credit card,143,27.17,,,,,
,,,,,,,,,,debit card,120,22.8,,,,,
,,,,,,,,,,shellfish,618,2033.22,,,,,
,,,,,,,,,,cash,117,384.93,,,,,
,,,,,,,,,,contactless,152,500.08,,,,,
,,,,,,,,,,credit card,179,588.91,,,,,
,,,,,,,,,,debit card,170,559.3,,,,,
,,,,,,,,,,shortcake,629,1377.51,,,,,
,,,,,,,,,,cash,153,335.07,,,,,
,,,,,,,,,,contactless,193,422.67,,,,,
,,,,,,,,,,credit card,92,201.48,,,,,
,,,,,,,,,,debit card,191,418.29,,,,,
,,,,,,,,,,shrimp,512,2508.8,,,,,
,,,,,,,,,,cash,147,720.3,,,,,
,,,,,,,,,,contactless,127,622.3,,,,,
,,,,,,,,,,credit card,99,485.1,,,,,
,,,,,,,,,,debit card,139,681.1,,,,,
,,,,,,,,,,skim milk (skimmed milk),578,2306.22,,,,,
,,,,,,,,,,cash,149,594.51,,,,,
,,,,,,,,,,contactless,154,614.46,,,,,
,,,,,,,,,,credit card,126,502.74,,,,,
,,,,,,,,,,debit card,149,594.51,,,,,
,,,,,,,,,,smoked cheese,621,1359.99,,,,,
,,,,,,,,,,cash,181,396.39,,,,,
,,,,,,,,,,contactless,154,337.26,,,,,
,,,,,,,,,,credit card,110,240.9,,,,,
,,,,,,,,,,debit card,176,385.44,,,,,
,,,,,,,,,,smoked fish,576,1036.8,,,,,
,,,,,,,,,,cash,137,246.6,,,,,
,,,,,,,,,,contactless,137,246.6,,,,,
,,,,,,,,,,credit card,138,248.4,,,,,
,,,,,,,,,,debit card,164,295.2,,,,,
,,,,,,,,,,smoked sausage,533,2339.87,,,,,
,,,,,,,,,,cash,132,579.48,,,,,
,,,,,,,,,,contactless,162,711.18,,,,,
,,,,,,,,,,credit card,122,535.58,,,,,
,,,,,,,,,,debit card,117,513.63,,,,,
,,,,,,,,,,soda water,613,790.77,,,,,
,,,,,,,,,,cash,144,185.76,,,,,
,,,,,,,,,,contactless,159,205.11,,,,,
,,,,,,,,,,credit card,160,206.4,,,,,
,,,,,,,,,,debit card,150,193.5,,,,,
,,,,,,,,,,soft cheese,456,497.04,,,,,
,,,,,,,,,,cash,121,131.89,,,,,
,,,,,,,,,,contactless,76,82.84,,,,,
,,,,,,,,,,credit card,131,142.79,,,,,
,,,,,,,,,,debit card,128,139.52,,,,,
,,,,,,,,,,soft drink,506,455.4,,,,,
,,,,,,,,,,cash,120,108,,,,,
,,,,,,,,,,contactless,100,90,,,,,
,,,,,,,,,,credit card,170,153,,,,,
,,,,,,,,,,debit card,116,104.4,,,,,
,,,,,,,,,,sole,394,669.8,,,,,
,,,,,,,,,,cash,90,153,,,,,
,,,,,,,,,,contactless,95,161.5,,,,,
,,,,,,,,,,credit card,110,187,,,,,
,,,,,,,,,,debit card,99,168.3,,,,,
,,,,,,,,,,sour cream,573,2177.4,,,,,
,,,,,,,,,,cash,144,547.2,,,,,
,,,,,,,,,,contactless,104,395.2,,,,,
,,,,,,,,,,credit card,120,456,,,,,
,,,,,,,,,,debit card,205,779,,,,,
,,,,,,,,,,sour cream biscuit,531,1460.25,,,,,
,,,,,,,,,,cash,108,297,,,,,
,,,,,,,,,,contactless,146,401.5,,,,,
,,,,,,,,,,credit card,133,365.75,,,,,
,,,,,,,,,,debit card,144,396,,,,,
,,,,,,,,,,sour milk,690,2339.1,,,,,
,,,,,,,,,,cash,171,579.69,,,,,
,,,,,,,,,,contactless,177,600.03,,,,,
,,,,,,,,,,credit card,99,335.61,,,,,
,,,,,,,,,,debit card,243,823.77,,,,,
,,,,,,,,,,sourdough bread,518,2377.62,,,,,
,,,,,,,,,,cash,98,449.82,,,,,
,,,,,,,,,,contactless,92,422.28,,,,,
,,,,,,,,,,credit card,185,849.15,,,,,
,,,,,,,,,,debit card,143,656.37,,,,,
,,,,,,,,,,soy sauce,470,2256,,,,,
,,,,,,,,,,cash,129,619.2,,,,,
,,,,,,,,,,contactless,131,628.8,,,,,
,,,,,,,,,,credit card,117,561.6,,,,,
,,,,,,,,,,debit card,93,446.4,,,,,
,,,,,,,,,,soybeans,655,2875.45,,,,,
,,,,,,,,,,cash,142,623.38,,,,,
,,,,,,,,,,contactless,146,640.94,,,,,
,,,,,,,,,,credit card,171,750.69,,,,,
,,,,,,,,,,debit card,196,860.44,,,,,
,,,,,,,,,,spaghetti,547,1066.65,,,,,
,,,,,,,,,,cash,127,247.65,,,,,
,,,,,,,,,,contactless,124,241.8,,,,,
,,,,,,,,,,credit card,136,265.2,,,,,
,,,,,,,,,,debit card,160,312,,,,,
,,,,,,,,,,spaghetti sauce,487,1456.13,,,,,
,,,,,,,,,,cash,139,415.61,,,,,
,,,,,,,,,,contactless,142,424.58,,,,,
,,,,,,,,,,credit card,95,284.05,,,,,
,,,,,,,,,,debit card,111,331.89,,,,,
,,,,,,,,,,spare rib,652,619.4,,,,,
,,,,,,,,,,cash,153,145.35,,,,,
,,,,,,,,,,contactless,188,178.6,,,,,
,,,,,,,,,,credit card,99,94.05,,,,,
,,,,,,,,,,debit card,212,201.4,,,,,
,,,,,,,,,,spices,672,2076.48,,,,,
,,,,,,,,,,cash,211,651.99,,,,,
,,,,,,,,,,contactless,132,407.88,,,,,
,,,,,,,,,,credit card,177,546.93,,,,,
,,,,,,,,,,debit card,152,469.68,,,,,
,,,,,,,,,,spicy sauce,558,2622.6,,,,,
,,,,,,,,,,cash,114,535.8,,,,,
,,,,,,,,,,contactless,149,700.3,,,,,
,,,,,,,,,,credit card,123,578.1,,,,,
,,,,,,,,,,debit card,172,808.4,,,,,
,,,,,,,,,,spinach,661,852.69,,,,,
,,,,,,,,,,cash,180,232.2,,,,,
,,,,,,,,,,contactless,156,201.24,,,,,
,,,,,,,,,,credit card,153,197.37,,,,,
,,,,,,,,,,debit card,172,221.88,,,,,
,,,,,,,,,,sponge cake,403,882.57,,,,,
,,,,,,,,,,cash,103,225.57,,,,,
,,,,,,,,,,contactless,105,229.95,,,,,
,,,,,,,,,,credit card,89,194.91,,,,,
,,,,,,,,,,debit card,106,232.14,,,,,
,,,,,,,,,,spring water,593,2312.7,,,,,
,,,,,,,,,,cash,121,471.9,,,,,
,,,,,,,,,,contactless,210,819,,,,,
,,,,,,,,,,credit card,152,592.8,,,,,
,,,,,,,,,,debit card,110,429,,,,,
,,,,,,,,,,squash,495,2074.05,,,,,
,,,,,,,,,,cash,175,733.25,,,,,
,,,,,,,,,,contactless,105,439.95,,,,,
,,,,,,,,,,credit card,116,486.04,,,,,
,,,,,,,,,,debit card,99,414.81,,,,,
,,,,,,,,,,squid,428,1198.4,,,,,
,,,,,,,,,,cash,95,266,,,,,
,,,,,,,,,,contactless,94,263.2,,,,,
,,,,,,,,,,credit card,112,313.6,,,,,
,,,,,,,,,,debit card,127,355.6,,,,,
,,,,,,,,,,steak sauce,564,2306.76,,,,,
,,,,,,,,,,cash,125,511.25,,,,,
,,,,,,,,,,contactless,126,515.34,,,,,
,,,,,,,,,,credit card,144,588.96,,,,,
,,,,,,,,,,debit card,169,691.21,,,,,
,,,,,,,,,,strawberry,500,1995,,,,,
,,,,,,,,,,cash,127,506.73,,,,,
,,,,,,,,,,contactless,106,422.94,,,,,
,,,,,,,,,,credit card,98,391.02,,,,,
,,,,,,,,,,debit card,169,674.31,,,,,
,,,,,,,,,,strawberry ice cream,548,2575.6,,,,,
,,,,,,,,,,cash,140,658,,,,,
,,,,,,,,,,contactless,154,723.8,,,,,
,,,,,,,,,,credit card,122,573.4,,,,,
,,,,,,,,,,debit card,132,620.4,,,,,
,,,,,,,,,,strawberry shortcake,480,523.2,,,,,
,,,,,,,,,,cash,144,156.96,,,,,
,,,,,,,,,,contactless,84,91.56,,,,,
,,,,,,,,,,credit card,130,141.7,,,,,
,,,,,,,,,,debit card,122,132.98,,,,,
,,,,,,,,,,string beans / green beans,426,2108.7,,,,,
,,,,,,,,,,cash,95,470.25,,,,,
,,,,,,,,,,contactless,79,391.05,,,,,
,,,,,,,,,,credit card,143,707.85,,,,,
,,,,,,,,,,debit card,109,539.55,,,,,
,,,,,,,,,,sturgeon,550,1094.5,,,,,
,,,,,,,,,,cash,118,234.82,,,,,
,,,,,,,,,,contactless,128,254.72,,,,,
,,,,,,,,,,credit card,132,262.68,,,,,
,,,,,,,,,,debit card,172,342.28,,,,,
,,,,,,,,,,sundae,499,194.61,,,,,
,,,,,,,,,,cash,138,53.82,,,,,
,,,,,,,,,,contactless,175,68.25,,,,,
,,,,,,,,,,credit card,79,30.81,,,,,
,,,,,,,,,,debit card,107,41.73,,,,,
,,,,,,,,,,sunflower seed oil,513,200.07,,,,,
,,,,,,,,,,cash,128,49.92,,,,,
,,,,,,,,,,contactless,110,42.9,,,,,
,,,,,,,,,,credit card,119,46.41,,,,,
,,,,,,,,,,debit card,156,60.84,,,,,
,,,,,,,,,,sunflower seeds,599,419.3,,,,,
,,,,,,,,,,cash,154,107.8,,,,,
,,,,,,,,,,contactless,110,77,,,,,
,,,,,,,,,,credit card,170,119,,,,,
,,,,,,,,,,debit card,165,115.5,,,,,
,,,,,,,,,,sweet cherry,630,623.7,,,,,
,,,,,,,,,,cash,136,134.64,,,,,
,,,,,,,,,,contactless,173,171.27,,,,,
,,,,,,,,,,credit card,160,158.4,,,,,
,,,,,,,,,,debit card,161,159.39,,,,,
,,,,,,,,,,sweet corn,701,2095.99,,,,,
,,,,,,,,,,cash,193,577.07,,,,,
,,,,,,,,,,contactless,184,550.16,,,,,
,,,,,,,,,,credit card,160,478.4,,,,,
,,,,,,,,,,debit card,164,490.36,,,,,
,,,,,,,,,,sweet peas,460,368,,,,,
,,,,,,,,,,cash,143,114.4,,,,,
,,,,,,,,,,contactless,96,76.8,,,,,
,,,,,,,,,,credit card,76,60.8,,,,,
,,,,,,,,,,debit card,145,116,,,,,
,,,,,,,,,,sweet pepper,729,546.75,,,,,
,,,,,,,,,,cash,129,96.75,,,,,
,,,,,,,,,,contactless,187,140.25,,,,,
,,,,,,,,,,credit card,215,161.25,,,,,
,,,,,,,,,,debit card,198,148.5,,,,,
,,,,,,,,,,sweet-and-sour sauce,485,2177.65,,,,,
,,,,,,,,,,cash,134,601.66,,,,,
,,,,,,,,,,contactless,91,408.59,,,,,
,,,,,,,,,,credit card,116,520.84,,,,,
,,,,,,,,,,debit card,144,646.56,,,,,
,,,,,,,,,,sweets,519,1505.1,,,,,
,,,,,,,,,,cash,132,382.8,,,,,
,,,,,,,,,,contactless,122,353.8,,,,,
,,,,,,,,,,credit card,148,429.2,,,,,
,,,,,,,,,,debit card,117,339.3,,,,,
,,,,,,,,,,Swiss cheese,390,1150.5,,,,,
,,,,,,,,,,cash,88,259.6,,,,,
,,,,,,,,,,contactless,129,380.55,,,,,
,,,,,,,,,,credit card,89,262.55,,,,,
,,,,,,,,,,debit card,84,247.8,,,,,
,,,,,,,,,,tangerine,672,1948.8,,,,,
,,,,,,,,,,cash,140,406,,,,,
,,,,,,,,,,contactless,164,475.6,,,,,
,,,,,,,,,,credit card,187,542.3,,,,,
,,,,,,,,,,debit card,181,524.9,,,,,
,,,,,,,,,,tarragon,549,521.55,,,,,
,,,,,,,,,,cash,86,81.7,,,,,
,,,,,,,,,,contactless,145,137.75,,,,,
,,,,,,,,,,credit card,173,164.35,,,,,
,,,,,,,,,,debit card,145,137.75,,,,,
,,,,,,,,,,tart,625,743.75,,,,,
,,,,,,,,,,cash,201,239.19,,,,,
,,,,,,,,,,contactless,162,192.78,,,,,
,,,,,,,,,,credit card,127,151.13,,,,,
,,,,,,,,,,debit card,135,160.65,,,,,
,,,,,,,,,,tea,478,473.22,,,,,
,,,,,,,,,,cash,104,102.96,,,,,
,,,,,,,,,,contactless,131,129.69,,,,,
,,,,,,,,,,credit card,117,115.83,,,,,
,,,,,,,,,,debit card,126,124.74,,,,,
,,,,,,,,,,tea with milk,679,2980.81,,,,,
,,,,,,,,,,cash,186,816.54,,,,,
,,,,,,,,,,contactless,187,820.93,,,,,
,,,,,,,,,,credit card,188,825.32,,,,,
,,,,,,,,,,debit card,118,518.02,,,,,
,,,,,,,,,,thyme,449,1302.1,,,,,
,,,,,,,,,,cash,117,339.3,,,,,
,,,,,,,,,,contactless,72,208.8,,,,,
,,,,,,,,,,credit card,108,313.2,,,,,
,,,,,,,,,,debit card,152,440.8,,,,,
,,,,,,,,,,toast,718,359,,,,,
,,,,,,,,,,cash,248,124,,,,,
,,,,,,,,,,contactless,143,71.5,,,,,
,,,,,,,,,,credit card,158,79,,,,,
,,,,,,,,,,debit card,169,84.5,,,,,
,,,,,,,,,,toffee,588,2934.12,,,,,
,,,,,,,,,,cash,129,643.71,,,,,
,,,,,,,,,,contactless,183,913.17,,,,,
,,,,,,,,,,credit card,153,763.47,,,,,
,,,,,,,,,,debit card,123,613.77,,,,,
,,,,,,,,,,tomato,470,423,,,,,
,,,,,,,,,,cash,126,113.4,,,,,
,,,,,,,,,,contactless,107,96.3,,,,,
,,,,,,,,,,credit card,106,95.4,,,,,
,,,,,,,,,,debit card,131,117.9,,,,,
,,,,,,,,,,tomato juice,614,3039.3,,,,,
,,,,,,,,,,cash,191,945.45,,,,,
,,,,,,,,,,contactless,158,782.1,,,,,
,,,,,,,,,,credit card,108,534.6,,,,,
,,,,,,,,,,debit card,157,777.15,,,,,
,,,,,,,,,,tomato sauce,525,262.5,,,,,
,,,,,,,,,,cash,108,54,,,,,
,,,,,,,,,,contactless,118,59,,,,,
,,,,,,,,,,credit card,164,82,,,,,
,,,,,,,,,,debit card,135,67.5,,,,,
,,,,,,,,,,torte,660,1848,,,,,
,,,,,,,,,,cash,184,515.2,,,,,
,,,,,,,,,,contactless,125,350,,,,,
,,,,,,,,,,credit card,147,411.6,,,,,
,,,,,,,,,,debit card,204,571.2,,,,,
,,,,,,,,,,tortilla,433,688.47,,,,,
,,,,,,,,,,cash,89,141.51,,,,,
,,,,,,,,,,contactless,105,166.95,,,,,
,,,,,,,,,,credit card,145,230.55,,,,,
,,,,,,,,,,debit card,94,149.46,,,,,
,,,,,,,,,,trout,682,477.4,,,,,
,,,,,,,,,,cash,169,118.3,,,,,
,,,,,,,,,,contactless,158,110.6,,,,,
,,,,,,,,,,credit card,202,141.4,,,,,
,,,,,,,,,,debit card,153,107.1,,,,,
,,,,,,,,,,tuna,475,1282.5,,,,,
,,,,,,,,,,cash,123,332.1,,,,,
,,,,,,,,,,contactless,128,345.6,,,,,
,,,,,,,,,,credit card,99,267.3,,,,,
,,,,,,,,,,debit card,125,337.5,,,,,
,,,,,,,,,,turkey,614,1406.06,,,,,
,,,,,,,,,,cash,150,343.5,,,,,
,,,,,,,,,,contactless,137,313.73,,,,,
,,,,,,,,,,credit card,162,370.98,,,,,
,,,,,,,,,,debit card,165,377.85,,,,,
,,,,,,,,,,turkey breast,680,197.2,,,,,
,,,,,,,,,,cash,229,66.41,,,,,
,,,,,,,,,,contactless,161,46.69,,,,,
,,,,,,,,,,credit card,123,35.67,,,,,
,,,,,,,,,,debit card,167,48.43,,,,,
,,,,,,,,,,turnip,530,2517.5,,,,,
,,,,,,,,,,cash,122,579.5,,,,,
,,,,,,,,,,contactless,103,489.25,,,,,
,,,,,,,,,,credit card,141,669.75,,,,,
,,,,,,,,,,debit card,164,779,,,,,
,,,,,,,,,,vanilla ice cream,510,2544.9,,,,,
,,,,,,,,,,cash,69,344.31,,,,,
,,,,,,,,,,contactless,187,933.13,,,,,
,,,,,,,,,,credit card,125,623.75,,,,,
,,,,,,,,,,debit card,129,643.71,,,,,
,,,,,,,,,,veal,555,1498.5,,,,,
,,,,,,,,,,cash,147,396.9,,,,,
,,,,,,,,,,contactless,95,256.5,,,,,
,,,,,,,,,,credit card,157,423.9,,,,,
,,,,,,,,,,debit card,156,421.2,,,,,
,,,,,,,,,,veal cutlet,632,1636.88,,,,,
,,,,,,,,,,cash,174,450.66,,,,,
,,,,,,,,,,contactless,140,362.6,,,,,
,,,,,,,,,,credit card,139,360.01,,,,,
,,,,,,,,,,debit card,179,463.61,,,,,
,,,,,,,,,,vegetable fat,530,2379.7,,,,,
,,,,,,,,,,cash,148,664.52,,,,,
,,,,,,,,,,contactless,124,556.76,,,,,
,,,,,,,,,,credit card,168,754.32,,,,,
,,,,,,,,,,debit card,90,404.1,,,,,
,,,,,,,,,,vegetable oil,647,769.93,,,,,
,,,,,,,,,,cash,179,213.01,,,,,
,,,,,,,,,,contactless,240,285.6,,,,,
,,,,,,,,,,credit card,88,104.72,,,,,
,,,,,,,,,,debit card,140,166.6,,,,,
,,,,,,,,,,vermicelli,455,677.95,,,,,
,,,,,,,,,,cash,101,150.49,,,,,
,,,,,,,,,,contactless,128,190.72,,,,,
,,,,,,,,,,credit card,89,132.61,,,,,
,,,,,,,,,,debit card,137,204.13,,,,,
,,,,,,,,,,vinegar,639,1016.01,,,,,
,,,,,,,,,,cash,117,186.03,,,,,
,,,,,,,,,,contactless,152,241.68,,,,,
,,,,,,,,,,credit card,179,284.61,,,,,
,,,,,,,,,,debit card,191,303.69,,,,,
,,,,,,,,,,vodka,488,2044.72,,,,,
,,,,,,,,,,cash,106,444.14,,,,,
,,,,,,,,,,contactless,142,594.98,,,,,
,,,,,,,,,,credit card,96,402.24,,,,,
,,,,,,,,,,debit card,144,603.36,,,,,
,,,,,,,,,,wafer,538,1178.22,,,,,
,,,,,,,,,,cash,102,223.38,,,,,
,,,,,,,,,,contactless,168,367.92,,,,,
,,,,,,,,,,credit card,117,256.23,,,,,
,,,,,,,,,,debit card,151,330.69,,,,,
,,,,,,,,,,waffle,1233,2241.75,,,,,
,,,,,,,,,,cash,277,502.6,,,,,
,,,,,,,,,,contactless,364,665.5,,,,,
,,,,,,,,,,credit card,363,655.95,,,,,
,,,,,,,,,,debit card,229,417.7,,,,,
,,,,,,,,,,walnuts,465,1157.85,,,,,
,,,,,,,,,,cash,115,286.35,,,,,
,,,,,,,,,,contactless,132,328.68,,,,,
,,,,,,,,,,credit card,118,293.82,,,,,
,,,,,,,,,,debit card,100,249,,,,,
,,,,,,,,,,watercress,675,2355.75,,,,,
,,,,,,,,,,cash,182,635.18,,,,,
,,,,,,,,,,contactless,206,718.94,,,,,
,,,,,,,,,,credit card,139,485.11,,,,,
,,,,,,,,,,debit card,148,516.52,,,,,
,,,,,,,,,,watermelon,502,1802.18,,,,,
,,,,,,,,,,cash,101,362.59,,,,,
,,,,,,,,,,contactless,127,455.93,,,,,
,,,,,,,,,,credit card,150,538.5,,,,,
,,,,,,,,,,debit card,124,445.16,,,,,
,,,,,,,,,,wedding cake,488,2391.2,,,,,
,,,,,,,,,,cash,137,671.3,,,,,
,,,,,,,,,,contactless,136,666.4,,,,,
,,,,,,,,,,credit card,80,392,,,,,
,,,,,,,,,,debit card,135,661.5,,,,,
,,,,,,,,,,wheat,464,180.96,,,,,
,,,,,,,,,,cash,105,40.95,,,,,
,,,,,,,,,,contactless,98,38.22,,,,,
,,,,,,,,,,credit card,115,44.85,,,,,
,,,,,,,,,,debit card,146,56.94,,,,,
,,,,,,,,,,wheat flakes,445,1312.75,,,,,
,,,,,,,,,,cash,113,333.35,,,,,
,,,,,,,,,,contactless,104,306.8,,,,,
,,,,,,,,,,credit card,108,318.6,,,,,
,,,,,,,,,,debit card,120,354,,,,,
,,,,,,,,,,whiskey,529,47.61,,,,,
,,,,,,,,,,cash,120,10.8,,,,,
,,,,,,,,,,contactless,159,14.31,,,,,
,,,,,,,,,,credit card,128,11.52,,,,,
,,,,,,,,,,debit card,122,10.98,,,,,
,,,,,,,,,,whisky,565,1638.5,,,,,
,,,,,,,,,,cash,133,385.7,,,,,
,,,,,,,,,,contactless,160,464,,,,,
,,,,,,,,,,credit card,189,548.1,,,,,
,,,,,,,,,,debit card,83,240.7,,,,,
,,,,,,,,,,white bread,621,2105.19,,,,,
,,,,,,,,,,cash,186,630.54,,,,,
,,,,,,,,,,contactless,186,630.54,,,,,
,,,,,,,,,,credit card,113,383.07,,,,,
,,,,,,,,,,debit card,136,461.04,,,,,
,,,,,,,,,,white sauce,632,1636.88,,,,,
,,,,,,,,,,cash,143,370.37,,,,,
,,,,,,,,,,contactless,160,414.4,,,,,
,,,,,,,,,,credit card,155,401.45,,,,,
,,,,,,,,,,debit card,174,450.66,,,,,
,,,,,,,,,,white wine,557,105.83,,,,,
,,,,,,,,,,cash,139,26.41,,,,,
,,,,,,,,,,contactless,152,28.88,,,,,
,,,,,,,,,,credit card,158,30.02,,,,,
,,,,,,,,,,debit card,108,20.52,,,,,
,,,,,,,,,,whole chicken,543,1466.1,,,,,
,,,,,,,,,,cash,104,280.8,,,,,
,,,,,,,,,,contactless,137,369.9,,,,,
,,,,,,,,,,credit card,165,445.5,,,,,
,,,,,,,,,,debit card,137,369.9,,,,,
,,,,,,,,,,whole milk,560,1842.4,,,,,
,,,,,,,,,,cash,142,467.18,,,,,
,,,,,,,,,,contactless,140,460.6,,,,,
,,,,,,,,,,credit card,143,470.47,,,,,
,,,,,,,,,,debit card,135,444.15,,,,,
,,,,,,,,,,whole pepper,590,2944.1,,,,,
,,,,,,,,,,cash,165,823.35,,,,,
,,,,,,,,,,contactless,125,623.75,,,,,
,,,,,,,,,,credit card,120,598.8,,,,,
,,,,,,,,,,debit card,180,898.2,,,,,
,,,,,,,,,,whole-wheat bread,577,2302.23,,,,,
,,,,,,,,,,cash,143,570.57,,,,,
,,,,,,,,,,contactless,161,642.39,,,,,
,,,,,,,,,,credit card,130,518.7,,,,,
,,,,,,,,,,debit card,143,570.57,,,,,
,,,,,,,,,,whortleberry,627,620.73,,,,,
,,,,,,,,,,cash,178,176.22,,,,,
,,,,,,,,,,contactless,148,146.52,,,,,
,,,,,,,,,,credit card,112,110.88,,,,,
,,,,,,,,,,debit card,189,187.11,,,,,
,,,,,,,,,,wieners,413,2060.87,,,,,
,,,,,,,,,,cash,141,703.59,,,,,
,,,,,,,,,,contactless,96,479.04,,,,,
,,,,,,,,,,credit card,90,449.1,,,,,
,,,,,,,,,,debit card,86,429.14,,,,,
,,,,,,,,,,wine,686,1022.14,,,,,
,,,,,,,,,,cash,223,332.27,,,,,
,,,,,,,,,,contactless,197,293.53,,,,,
,,,,,,,,,,credit card,119,177.31,,,,,
,,,,,,,,,,debit card,147,219.03,,,,,
,,,,,,,,,,yellow pepper,455,1997.45,,,,,
,,,,,,,,,,cash,105,460.95,,,,,
,,,,,,,,,,contactless,110,482.9,,,,,
,,,,,,,,,,credit card,123,539.97,,,,,
,,,,,,,,,,debit card,117,513.63,,,,,
,,,,,,,,,,yogurt,649,3082.75,,,,,
,,,,,,,,,,cash,218,1035.5,,,,,
,,,,,,,,,,contactless,142,674.5,,,,,
,,,,,,,,,,credit card,176,836,,,,,
,,,,,,,,,,debit card,113,536.75,,,,,
,,,,,,,,,,zucchini,565,2768.5,,,,,
,,,,,,,,,,cash,197,965.3,,,,,
,,,,,,,,,,contactless,150,735,,,,,
,,,,,,,,,,credit card,81,396.9,,,,,
,,,,,,,,,,debit card,137,671.3,,,,,
,,,,,,,,,,Grand Total,279128,737394.83,,,,,
